,ID,timeframe,activities,semester
0,47088,2/12/2021,webwork_2,SP21
1,29436,2/12/2021,webwork_2,SP21
2,18832,2/12/2021,webwork_2,SP21
3,36585,2/12/2021,webwork_2,SP21
4,98539,2/12/2021,webwork_2,SP21
5,19343,2/12/2021,webwork_2,SP21
6,62783,2/12/2021,webwork_2,SP21
7,83943,2/12/2021,webwork_2,SP21
8,14772,2/12/2021,webwork_2,SP21
9,38687,2/12/2021,webwork_2,SP21
10,17830,2/12/2021,webwork_2,SP21
11,31085,2/12/2021,webwork_2,SP21
12,26815,2/12/2021,webwork_2,SP21
13,46516,2/12/2021,webwork_2,SP21
14,68658,2/12/2021,webwork_2,SP21
15,62252,2/12/2021,webwork_2,SP21
16,88009,2/12/2021,webwork_2,SP21
17,96431,2/12/2021,webwork_2,SP21
18,44661,2/12/2021,webwork_2,SP21
19,97692,2/12/2021,webwork_2,SP21
20,77508,2/12/2021,webwork_2,SP21
21,58151,2/12/2021,webwork_2,SP21
22,57725,2/12/2021,webwork_2,SP21
23,57894,2/12/2021,webwork_2,SP21
24,16144,2/12/2021,webwork_2,SP21
25,32314,2/12/2021,webwork_2,SP21
26,75683,2/12/2021,webwork_2,SP21
27,13358,2/12/2021,webwork_2,SP21
28,78555,2/12/2021,webwork_2,SP21
29,98626,2/12/2021,webwork_2,SP21
30,30193,2/12/2021,webwork_2,SP21
31,67424,2/12/2021,webwork_2,SP21
32,40230,2/12/2021,webwork_2,SP21
33,80334,2/12/2021,webwork_2,SP21
34,46912,2/12/2021,webwork_2,SP21
35,53854,2/12/2021,webwork_2,SP21
36,66810,2/12/2021,webwork_2,SP21
37,52882,2/12/2021,webwork_2,SP21
38,60320,2/12/2021,webwork_2,SP21
39,96596,2/12/2021,webwork_2,SP21
40,77328,2/12/2021,webwork_2,SP21
41,50867,2/12/2021,webwork_2,SP21
42,65004,2/12/2021,webwork_2,SP21
43,65544,2/12/2021,webwork_2,SP21
44,37786,2/12/2021,webwork_2,SP21
45,74608,2/12/2021,webwork_2,SP21
46,15531,2/12/2021,webwork_2,SP21
47,22902,2/12/2021,webwork_2,SP21
48,36834,2/12/2021,webwork_2,SP21
49,34064,2/12/2021,webwork_2,SP21
50,41981,2/12/2021,webwork_2,SP21
51,60018,2/12/2021,webwork_2,SP21
52,99444,2/12/2021,webwork_2,SP21
53,42371,2/12/2021,webwork_2,SP21
54,44913,2/12/2021,webwork_2,SP21
55,50542,2/12/2021,webwork_2,SP21
56,69434,2/12/2021,webwork_2,SP21
57,16330,2/12/2021,webwork_2,SP21
58,14313,09/17/2021,webwork_2,F21
59,95538,09/17/2021,webwork_2,F21
60,90795,09/17/2021,webwork_2,F21
61,93871,09/17/2021,webwork_2,F21
62,60320,09/17/2021,webwork_2,F21
63,82536,09/17/2021,webwork_2,F21
64,31208,09/17/2021,webwork_2,F21
65,88774,09/17/2021,webwork_2,F21
66,20020,09/17/2021,webwork_2,F21
67,80427,09/17/2021,webwork_2,F21
68,96812,09/17/2021,webwork_2,F21
69,52262,09/17/2021,webwork_2,F21
70,93570,09/17/2021,webwork_2,F21
71,30574,09/17/2021,webwork_2,F21
72,31846,09/17/2021,webwork_2,F21
73,72329,09/17/2021,webwork_2,F21
74,87728,09/17/2021,webwork_2,F21
75,59566,09/17/2021,webwork_2,F21
76,22902,09/17/2021,webwork_2,F21
77,27689,09/17/2021,webwork_2,F21
78,69983,09/17/2021,webwork_2,F21
79,12461,09/17/2021,webwork_2,F21
80,93335,09/17/2021,webwork_2,F21
81,80450,09/17/2021,webwork_2,F21
82,84281,09/17/2021,webwork_2,F21
83,48825,09/17/2021,webwork_2,F21
84,75538,09/17/2021,webwork_2,F21
85,47088,2/19/2021,webwork_3,SP21
86,29436,2/19/2021,webwork_3,SP21
87,18832,2/19/2021,webwork_3,SP21
88,36585,2/19/2021,webwork_3,SP21
89,98539,2/19/2021,webwork_3,SP21
90,19343,2/19/2021,webwork_3,SP21
91,62783,2/19/2021,webwork_3,SP21
92,83943,2/19/2021,webwork_3,SP21
93,14772,2/19/2021,webwork_3,SP21
94,38687,2/19/2021,webwork_3,SP21
95,17830,2/19/2021,webwork_3,SP21
96,31085,2/19/2021,webwork_3,SP21
97,26815,2/19/2021,webwork_3,SP21
98,46516,2/19/2021,webwork_3,SP21
99,68658,2/19/2021,webwork_3,SP21
100,88009,2/19/2021,webwork_3,SP21
101,96431,2/19/2021,webwork_3,SP21
102,44661,2/19/2021,webwork_3,SP21
103,97692,2/19/2021,webwork_3,SP21
104,77508,2/19/2021,webwork_3,SP21
105,58151,2/19/2021,webwork_3,SP21
106,57725,2/19/2021,webwork_3,SP21
107,57894,2/19/2021,webwork_3,SP21
108,16144,2/19/2021,webwork_3,SP21
109,32314,2/19/2021,webwork_3,SP21
110,75683,2/19/2021,webwork_3,SP21
111,13358,2/19/2021,webwork_3,SP21
112,78555,2/19/2021,webwork_3,SP21
113,98626,2/19/2021,webwork_3,SP21
114,30193,2/19/2021,webwork_3,SP21
115,67424,2/19/2021,webwork_3,SP21
116,40230,2/19/2021,webwork_3,SP21
117,80334,2/19/2021,webwork_3,SP21
118,46912,2/19/2021,webwork_3,SP21
119,53854,2/19/2021,webwork_3,SP21
120,66810,2/19/2021,webwork_3,SP21
121,52882,2/19/2021,webwork_3,SP21
122,96596,2/19/2021,webwork_3,SP21
123,77328,2/19/2021,webwork_3,SP21
124,50867,2/19/2021,webwork_3,SP21
125,65004,2/19/2021,webwork_3,SP21
126,65544,2/19/2021,webwork_3,SP21
127,37786,2/19/2021,webwork_3,SP21
128,58850,2/19/2021,webwork_3,SP21
129,74608,2/19/2021,webwork_3,SP21
130,15531,2/19/2021,webwork_3,SP21
131,22902,2/19/2021,webwork_3,SP21
132,36834,2/19/2021,webwork_3,SP21
133,34064,2/19/2021,webwork_3,SP21
134,41981,2/19/2021,webwork_3,SP21
135,60018,2/19/2021,webwork_3,SP21
136,99444,2/19/2021,webwork_3,SP21
137,42371,2/19/2021,webwork_3,SP21
138,44913,2/19/2021,webwork_3,SP21
139,50542,2/19/2021,webwork_3,SP21
140,69434,2/19/2021,webwork_3,SP21
141,16330,2/19/2021,webwork_3,SP21
142,90795,09/24/2021,webwork_3,F21
143,80726,09/24/2021,webwork_3,F21
144,93871,09/24/2021,webwork_3,F21
145,60320,09/24/2021,webwork_3,F21
146,82536,09/24/2021,webwork_3,F21
147,31208,09/24/2021,webwork_3,F21
148,88774,09/24/2021,webwork_3,F21
149,20020,09/24/2021,webwork_3,F21
150,80427,09/24/2021,webwork_3,F21
151,52262,09/24/2021,webwork_3,F21
152,93570,09/24/2021,webwork_3,F21
153,30574,09/24/2021,webwork_3,F21
154,31846,09/24/2021,webwork_3,F21
155,72329,09/24/2021,webwork_3,F21
156,87728,09/24/2021,webwork_3,F21
157,59566,09/24/2021,webwork_3,F21
158,22902,09/24/2021,webwork_3,F21
159,27689,09/24/2021,webwork_3,F21
160,69983,09/24/2021,webwork_3,F21
161,12461,09/24/2021,webwork_3,F21
162,93335,09/24/2021,webwork_3,F21
163,80450,09/24/2021,webwork_3,F21
164,84281,09/24/2021,webwork_3,F21
165,48825,09/24/2021,webwork_3,F21
166,75538,09/24/2021,webwork_3,F21
167,47088,2/26/2021,webwork_4,SP21
168,29436,2/26/2021,webwork_4,SP21
169,18832,2/26/2021,webwork_4,SP21
170,36585,2/26/2021,webwork_4,SP21
171,98539,2/26/2021,webwork_4,SP21
172,19343,2/26/2021,webwork_4,SP21
173,62783,2/26/2021,webwork_4,SP21
174,83943,2/26/2021,webwork_4,SP21
175,14772,2/26/2021,webwork_4,SP21
176,38687,2/26/2021,webwork_4,SP21
177,17830,2/26/2021,webwork_4,SP21
178,31085,2/26/2021,webwork_4,SP21
179,26815,2/26/2021,webwork_4,SP21
180,46516,2/26/2021,webwork_4,SP21
181,68658,2/26/2021,webwork_4,SP21
182,88009,2/26/2021,webwork_4,SP21
183,96431,2/26/2021,webwork_4,SP21
184,44661,2/26/2021,webwork_4,SP21
185,97692,2/26/2021,webwork_4,SP21
186,77508,2/26/2021,webwork_4,SP21
187,58151,2/26/2021,webwork_4,SP21
188,57725,2/26/2021,webwork_4,SP21
189,57894,2/26/2021,webwork_4,SP21
190,16144,2/26/2021,webwork_4,SP21
191,32314,2/26/2021,webwork_4,SP21
192,75683,2/26/2021,webwork_4,SP21
193,13358,2/26/2021,webwork_4,SP21
194,78555,2/26/2021,webwork_4,SP21
195,98626,2/26/2021,webwork_4,SP21
196,30193,2/26/2021,webwork_4,SP21
197,67424,2/26/2021,webwork_4,SP21
198,40230,2/26/2021,webwork_4,SP21
199,80334,2/26/2021,webwork_4,SP21
200,46912,2/26/2021,webwork_4,SP21
201,53854,2/26/2021,webwork_4,SP21
202,66810,2/26/2021,webwork_4,SP21
203,52882,2/26/2021,webwork_4,SP21
204,96596,2/26/2021,webwork_4,SP21
205,77328,2/26/2021,webwork_4,SP21
206,50867,2/26/2021,webwork_4,SP21
207,65004,2/26/2021,webwork_4,SP21
208,58850,2/26/2021,webwork_4,SP21
209,74608,2/26/2021,webwork_4,SP21
210,15531,2/26/2021,webwork_4,SP21
211,22902,2/26/2021,webwork_4,SP21
212,36834,2/26/2021,webwork_4,SP21
213,34064,2/26/2021,webwork_4,SP21
214,41981,2/26/2021,webwork_4,SP21
215,60018,2/26/2021,webwork_4,SP21
216,42371,2/26/2021,webwork_4,SP21
217,44913,2/26/2021,webwork_4,SP21
218,50542,2/26/2021,webwork_4,SP21
219,69434,2/26/2021,webwork_4,SP21
220,16330,2/26/2021,webwork_4,SP21
221,95538,10/1/2021,webwork_4,F21
222,90795,10/1/2021,webwork_4,F21
223,80726,10/1/2021,webwork_4,F21
224,93871,10/1/2021,webwork_4,F21
225,60320,10/1/2021,webwork_4,F21
226,82536,10/1/2021,webwork_4,F21
227,31208,10/1/2021,webwork_4,F21
228,88774,10/1/2021,webwork_4,F21
229,20020,10/1/2021,webwork_4,F21
230,80427,10/1/2021,webwork_4,F21
231,96812,10/1/2021,webwork_4,F21
232,52262,10/1/2021,webwork_4,F21
233,93570,10/1/2021,webwork_4,F21
234,30574,10/1/2021,webwork_4,F21
235,31846,10/1/2021,webwork_4,F21
236,72329,10/1/2021,webwork_4,F21
237,87728,10/1/2021,webwork_4,F21
238,59566,10/1/2021,webwork_4,F21
239,22902,10/1/2021,webwork_4,F21
240,27689,10/1/2021,webwork_4,F21
241,12461,10/1/2021,webwork_4,F21
242,93335,10/1/2021,webwork_4,F21
243,84281,10/1/2021,webwork_4,F21
244,48825,10/1/2021,webwork_4,F21
245,75538,10/1/2021,webwork_4,F21
246,47088,3/5/2021,webwork_5,SP21
247,29436,3/5/2021,webwork_5,SP21
248,18832,3/5/2021,webwork_5,SP21
249,36585,3/5/2021,webwork_5,SP21
250,98539,3/5/2021,webwork_5,SP21
251,19343,3/5/2021,webwork_5,SP21
252,62783,3/5/2021,webwork_5,SP21
253,83943,3/5/2021,webwork_5,SP21
254,14772,3/5/2021,webwork_5,SP21
255,38687,3/5/2021,webwork_5,SP21
256,17830,3/5/2021,webwork_5,SP21
257,31085,3/5/2021,webwork_5,SP21
258,26815,3/5/2021,webwork_5,SP21
259,46516,3/5/2021,webwork_5,SP21
260,68658,3/5/2021,webwork_5,SP21
261,62252,3/5/2021,webwork_5,SP21
262,88009,3/5/2021,webwork_5,SP21
263,96431,3/5/2021,webwork_5,SP21
264,44661,3/5/2021,webwork_5,SP21
265,97692,3/5/2021,webwork_5,SP21
266,77508,3/5/2021,webwork_5,SP21
267,58151,3/5/2021,webwork_5,SP21
268,57725,3/5/2021,webwork_5,SP21
269,57894,3/5/2021,webwork_5,SP21
270,16144,3/5/2021,webwork_5,SP21
271,32314,3/5/2021,webwork_5,SP21
272,75683,3/5/2021,webwork_5,SP21
273,13358,3/5/2021,webwork_5,SP21
274,78555,3/5/2021,webwork_5,SP21
275,98626,3/5/2021,webwork_5,SP21
276,30193,3/5/2021,webwork_5,SP21
277,67424,3/5/2021,webwork_5,SP21
278,40230,3/5/2021,webwork_5,SP21
279,80334,3/5/2021,webwork_5,SP21
280,46912,3/5/2021,webwork_5,SP21
281,53854,3/5/2021,webwork_5,SP21
282,66810,3/5/2021,webwork_5,SP21
283,52882,3/5/2021,webwork_5,SP21
284,96596,3/5/2021,webwork_5,SP21
285,77328,3/5/2021,webwork_5,SP21
286,50867,3/5/2021,webwork_5,SP21
287,65004,3/5/2021,webwork_5,SP21
288,37786,3/5/2021,webwork_5,SP21
289,58850,3/5/2021,webwork_5,SP21
290,74608,3/5/2021,webwork_5,SP21
291,15531,3/5/2021,webwork_5,SP21
292,36834,3/5/2021,webwork_5,SP21
293,34064,3/5/2021,webwork_5,SP21
294,41981,3/5/2021,webwork_5,SP21
295,60018,3/5/2021,webwork_5,SP21
296,99444,3/5/2021,webwork_5,SP21
297,42371,3/5/2021,webwork_5,SP21
298,50542,3/5/2021,webwork_5,SP21
299,69434,3/5/2021,webwork_5,SP21
300,16330,3/5/2021,webwork_5,SP21
301,14313,10/8/2021,webwork_5,F21
302,95538,10/8/2021,webwork_5,F21
303,90795,10/8/2021,webwork_5,F21
304,93871,10/8/2021,webwork_5,F21
305,60320,10/8/2021,webwork_5,F21
306,82536,10/8/2021,webwork_5,F21
307,31208,10/8/2021,webwork_5,F21
308,88774,10/8/2021,webwork_5,F21
309,20020,10/8/2021,webwork_5,F21
310,80427,10/8/2021,webwork_5,F21
311,96812,10/8/2021,webwork_5,F21
312,52262,10/8/2021,webwork_5,F21
313,93570,10/8/2021,webwork_5,F21
314,30574,10/8/2021,webwork_5,F21
315,31846,10/8/2021,webwork_5,F21
316,72329,10/8/2021,webwork_5,F21
317,87728,10/8/2021,webwork_5,F21
318,59566,10/8/2021,webwork_5,F21
319,22902,10/8/2021,webwork_5,F21
320,27689,10/8/2021,webwork_5,F21
321,69983,10/8/2021,webwork_5,F21
322,12461,10/8/2021,webwork_5,F21
323,93335,10/8/2021,webwork_5,F21
324,80450,10/8/2021,webwork_5,F21
325,84281,10/8/2021,webwork_5,F21
326,48825,10/8/2021,webwork_5,F21
327,75538,10/8/2021,webwork_5,F21
328,47088,3/12/2021,webwork_6,SP21
329,29436,3/12/2021,webwork_6,SP21
330,36585,3/12/2021,webwork_6,SP21
331,98539,3/12/2021,webwork_6,SP21
332,19343,3/12/2021,webwork_6,SP21
333,62783,3/12/2021,webwork_6,SP21
334,83943,3/12/2021,webwork_6,SP21
335,14772,3/12/2021,webwork_6,SP21
336,17830,3/12/2021,webwork_6,SP21
337,31085,3/12/2021,webwork_6,SP21
338,26815,3/12/2021,webwork_6,SP21
339,68658,3/12/2021,webwork_6,SP21
340,62252,3/12/2021,webwork_6,SP21
341,88009,3/12/2021,webwork_6,SP21
342,96431,3/12/2021,webwork_6,SP21
343,44661,3/12/2021,webwork_6,SP21
344,97692,3/12/2021,webwork_6,SP21
345,77508,3/12/2021,webwork_6,SP21
346,58151,3/12/2021,webwork_6,SP21
347,57725,3/12/2021,webwork_6,SP21
348,57894,3/12/2021,webwork_6,SP21
349,16144,3/12/2021,webwork_6,SP21
350,32314,3/12/2021,webwork_6,SP21
351,75683,3/12/2021,webwork_6,SP21
352,13358,3/12/2021,webwork_6,SP21
353,78555,3/12/2021,webwork_6,SP21
354,98626,3/12/2021,webwork_6,SP21
355,30193,3/12/2021,webwork_6,SP21
356,67424,3/12/2021,webwork_6,SP21
357,40230,3/12/2021,webwork_6,SP21
358,80334,3/12/2021,webwork_6,SP21
359,46912,3/12/2021,webwork_6,SP21
360,53854,3/12/2021,webwork_6,SP21
361,66810,3/12/2021,webwork_6,SP21
362,52882,3/12/2021,webwork_6,SP21
363,96596,3/12/2021,webwork_6,SP21
364,77328,3/12/2021,webwork_6,SP21
365,50867,3/12/2021,webwork_6,SP21
366,65004,3/12/2021,webwork_6,SP21
367,37786,3/12/2021,webwork_6,SP21
368,74608,3/12/2021,webwork_6,SP21
369,15531,3/12/2021,webwork_6,SP21
370,22902,3/12/2021,webwork_6,SP21
371,36834,3/12/2021,webwork_6,SP21
372,41981,3/12/2021,webwork_6,SP21
373,99444,3/12/2021,webwork_6,SP21
374,42371,3/12/2021,webwork_6,SP21
375,50542,3/12/2021,webwork_6,SP21
376,69434,3/12/2021,webwork_6,SP21
377,16330,3/12/2021,webwork_6,SP21
378,14313,10/15/2021,webwork_6,F21
379,95538,10/15/2021,webwork_6,F21
380,90795,10/15/2021,webwork_6,F21
381,80726,10/15/2021,webwork_6,F21
382,93871,10/15/2021,webwork_6,F21
383,60320,10/15/2021,webwork_6,F21
384,82536,10/15/2021,webwork_6,F21
385,31208,10/15/2021,webwork_6,F21
386,88774,10/15/2021,webwork_6,F21
387,20020,10/15/2021,webwork_6,F21
388,80427,10/15/2021,webwork_6,F21
389,96812,10/15/2021,webwork_6,F21
390,52262,10/15/2021,webwork_6,F21
391,93570,10/15/2021,webwork_6,F21
392,30574,10/15/2021,webwork_6,F21
393,31846,10/15/2021,webwork_6,F21
394,72329,10/15/2021,webwork_6,F21
395,87728,10/15/2021,webwork_6,F21
396,59566,10/15/2021,webwork_6,F21
397,22902,10/15/2021,webwork_6,F21
398,27689,10/15/2021,webwork_6,F21
399,69983,10/15/2021,webwork_6,F21
400,12461,10/15/2021,webwork_6,F21
401,93335,10/15/2021,webwork_6,F21
402,80450,10/15/2021,webwork_6,F21
403,84281,10/15/2021,webwork_6,F21
404,48825,10/15/2021,webwork_6,F21
405,75538,10/15/2021,webwork_6,F21
406,29436,3/19/2021,webwork_7,SP21
407,18832,3/19/2021,webwork_7,SP21
408,36585,3/19/2021,webwork_7,SP21
409,98539,3/19/2021,webwork_7,SP21
410,19343,3/19/2021,webwork_7,SP21
411,62783,3/19/2021,webwork_7,SP21
412,83943,3/19/2021,webwork_7,SP21
413,14772,3/19/2021,webwork_7,SP21
414,38687,3/19/2021,webwork_7,SP21
415,17830,3/19/2021,webwork_7,SP21
416,31085,3/19/2021,webwork_7,SP21
417,26815,3/19/2021,webwork_7,SP21
418,46516,3/19/2021,webwork_7,SP21
419,68658,3/19/2021,webwork_7,SP21
420,62252,3/19/2021,webwork_7,SP21
421,88009,3/19/2021,webwork_7,SP21
422,96431,3/19/2021,webwork_7,SP21
423,44661,3/19/2021,webwork_7,SP21
424,97692,3/19/2021,webwork_7,SP21
425,77508,3/19/2021,webwork_7,SP21
426,58151,3/19/2021,webwork_7,SP21
427,57725,3/19/2021,webwork_7,SP21
428,57894,3/19/2021,webwork_7,SP21
429,16144,3/19/2021,webwork_7,SP21
430,32314,3/19/2021,webwork_7,SP21
431,75683,3/19/2021,webwork_7,SP21
432,13358,3/19/2021,webwork_7,SP21
433,78555,3/19/2021,webwork_7,SP21
434,98626,3/19/2021,webwork_7,SP21
435,30193,3/19/2021,webwork_7,SP21
436,67424,3/19/2021,webwork_7,SP21
437,40230,3/19/2021,webwork_7,SP21
438,80334,3/19/2021,webwork_7,SP21
439,46912,3/19/2021,webwork_7,SP21
440,53854,3/19/2021,webwork_7,SP21
441,66810,3/19/2021,webwork_7,SP21
442,52882,3/19/2021,webwork_7,SP21
443,96596,3/19/2021,webwork_7,SP21
444,77328,3/19/2021,webwork_7,SP21
445,65004,3/19/2021,webwork_7,SP21
446,37786,3/19/2021,webwork_7,SP21
447,58850,3/19/2021,webwork_7,SP21
448,74608,3/19/2021,webwork_7,SP21
449,15531,3/19/2021,webwork_7,SP21
450,22902,3/19/2021,webwork_7,SP21
451,36834,3/19/2021,webwork_7,SP21
452,41981,3/19/2021,webwork_7,SP21
453,60018,3/19/2021,webwork_7,SP21
454,99444,3/19/2021,webwork_7,SP21
455,42371,3/19/2021,webwork_7,SP21
456,44913,3/19/2021,webwork_7,SP21
457,50542,3/19/2021,webwork_7,SP21
458,69434,3/19/2021,webwork_7,SP21
459,16330,3/19/2021,webwork_7,SP21
460,14313,10/22/2021,webwork_7,F21
461,95538,10/22/2021,webwork_7,F21
462,90795,10/22/2021,webwork_7,F21
463,93871,10/22/2021,webwork_7,F21
464,60320,10/22/2021,webwork_7,F21
465,82536,10/22/2021,webwork_7,F21
466,31208,10/22/2021,webwork_7,F21
467,88774,10/22/2021,webwork_7,F21
468,20020,10/22/2021,webwork_7,F21
469,80427,10/22/2021,webwork_7,F21
470,52262,10/22/2021,webwork_7,F21
471,93570,10/22/2021,webwork_7,F21
472,30574,10/22/2021,webwork_7,F21
473,31846,10/22/2021,webwork_7,F21
474,72329,10/22/2021,webwork_7,F21
475,87728,10/22/2021,webwork_7,F21
476,59566,10/22/2021,webwork_7,F21
477,22902,10/22/2021,webwork_7,F21
478,27689,10/22/2021,webwork_7,F21
479,69983,10/22/2021,webwork_7,F21
480,12461,10/22/2021,webwork_7,F21
481,93335,10/22/2021,webwork_7,F21
482,80450,10/22/2021,webwork_7,F21
483,84281,10/22/2021,webwork_7,F21
484,75538,10/22/2021,webwork_7,F21
485,47088,3/26/2021,webwork_8,SP21
486,29436,3/26/2021,webwork_8,SP21
487,18832,3/26/2021,webwork_8,SP21
488,36585,3/26/2021,webwork_8,SP21
489,98539,3/26/2021,webwork_8,SP21
490,19343,3/26/2021,webwork_8,SP21
491,62783,3/26/2021,webwork_8,SP21
492,83943,3/26/2021,webwork_8,SP21
493,14772,3/26/2021,webwork_8,SP21
494,38687,3/26/2021,webwork_8,SP21
495,17830,3/26/2021,webwork_8,SP21
496,31085,3/26/2021,webwork_8,SP21
497,26815,3/26/2021,webwork_8,SP21
498,46516,3/26/2021,webwork_8,SP21
499,68658,3/26/2021,webwork_8,SP21
500,62252,3/26/2021,webwork_8,SP21
501,88009,3/26/2021,webwork_8,SP21
502,96431,3/26/2021,webwork_8,SP21
503,44661,3/26/2021,webwork_8,SP21
504,97692,3/26/2021,webwork_8,SP21
505,77508,3/26/2021,webwork_8,SP21
506,58151,3/26/2021,webwork_8,SP21
507,57725,3/26/2021,webwork_8,SP21
508,57894,3/26/2021,webwork_8,SP21
509,16144,3/26/2021,webwork_8,SP21
510,32314,3/26/2021,webwork_8,SP21
511,75683,3/26/2021,webwork_8,SP21
512,13358,3/26/2021,webwork_8,SP21
513,78555,3/26/2021,webwork_8,SP21
514,98626,3/26/2021,webwork_8,SP21
515,30193,3/26/2021,webwork_8,SP21
516,67424,3/26/2021,webwork_8,SP21
517,40230,3/26/2021,webwork_8,SP21
518,80334,3/26/2021,webwork_8,SP21
519,46912,3/26/2021,webwork_8,SP21
520,53854,3/26/2021,webwork_8,SP21
521,66810,3/26/2021,webwork_8,SP21
522,52882,3/26/2021,webwork_8,SP21
523,96596,3/26/2021,webwork_8,SP21
524,77328,3/26/2021,webwork_8,SP21
525,50867,3/26/2021,webwork_8,SP21
526,65004,3/26/2021,webwork_8,SP21
527,65544,3/26/2021,webwork_8,SP21
528,37786,3/26/2021,webwork_8,SP21
529,58850,3/26/2021,webwork_8,SP21
530,74608,3/26/2021,webwork_8,SP21
531,15531,3/26/2021,webwork_8,SP21
532,22902,3/26/2021,webwork_8,SP21
533,41981,3/26/2021,webwork_8,SP21
534,60018,3/26/2021,webwork_8,SP21
535,99444,3/26/2021,webwork_8,SP21
536,42371,3/26/2021,webwork_8,SP21
537,50542,3/26/2021,webwork_8,SP21
538,69434,3/26/2021,webwork_8,SP21
539,16330,3/26/2021,webwork_8,SP21
540,14313,10/29/2021,webwork_8,F21
541,95538,10/29/2021,webwork_8,F21
542,90795,10/29/2021,webwork_8,F21
543,80726,10/29/2021,webwork_8,F21
544,93871,10/29/2021,webwork_8,F21
545,60320,10/29/2021,webwork_8,F21
546,82536,10/29/2021,webwork_8,F21
547,31208,10/29/2021,webwork_8,F21
548,88774,10/29/2021,webwork_8,F21
549,20020,10/29/2021,webwork_8,F21
550,80427,10/29/2021,webwork_8,F21
551,96812,10/29/2021,webwork_8,F21
552,52262,10/29/2021,webwork_8,F21
553,93570,10/29/2021,webwork_8,F21
554,30574,10/29/2021,webwork_8,F21
555,31846,10/29/2021,webwork_8,F21
556,72329,10/29/2021,webwork_8,F21
557,87728,10/29/2021,webwork_8,F21
558,59566,10/29/2021,webwork_8,F21
559,27689,10/29/2021,webwork_8,F21
560,69983,10/29/2021,webwork_8,F21
561,12461,10/29/2021,webwork_8,F21
562,93335,10/29/2021,webwork_8,F21
563,80450,10/29/2021,webwork_8,F21
564,84281,10/29/2021,webwork_8,F21
565,75538,10/29/2021,webwork_8,F21
566,29436,4/9/2021,webwork_9,SP21
567,18832,4/9/2021,webwork_9,SP21
568,36585,4/9/2021,webwork_9,SP21
569,98539,4/9/2021,webwork_9,SP21
570,19343,4/9/2021,webwork_9,SP21
571,62783,4/9/2021,webwork_9,SP21
572,83943,4/9/2021,webwork_9,SP21
573,14772,4/9/2021,webwork_9,SP21
574,38687,4/9/2021,webwork_9,SP21
575,17830,4/9/2021,webwork_9,SP21
576,31085,4/9/2021,webwork_9,SP21
577,26815,4/9/2021,webwork_9,SP21
578,46516,4/9/2021,webwork_9,SP21
579,68658,4/9/2021,webwork_9,SP21
580,62252,4/9/2021,webwork_9,SP21
581,88009,4/9/2021,webwork_9,SP21
582,96431,4/9/2021,webwork_9,SP21
583,44661,4/9/2021,webwork_9,SP21
584,97692,4/9/2021,webwork_9,SP21
585,77508,4/9/2021,webwork_9,SP21
586,58151,4/9/2021,webwork_9,SP21
587,57725,4/9/2021,webwork_9,SP21
588,16144,4/9/2021,webwork_9,SP21
589,13358,4/9/2021,webwork_9,SP21
590,78555,4/9/2021,webwork_9,SP21
591,98626,4/9/2021,webwork_9,SP21
592,30193,4/9/2021,webwork_9,SP21
593,67424,4/9/2021,webwork_9,SP21
594,40230,4/9/2021,webwork_9,SP21
595,80334,4/9/2021,webwork_9,SP21
596,46912,4/9/2021,webwork_9,SP21
597,53854,4/9/2021,webwork_9,SP21
598,66810,4/9/2021,webwork_9,SP21
599,52882,4/9/2021,webwork_9,SP21
600,96596,4/9/2021,webwork_9,SP21
601,77328,4/9/2021,webwork_9,SP21
602,50867,4/9/2021,webwork_9,SP21
603,65004,4/9/2021,webwork_9,SP21
604,37786,4/9/2021,webwork_9,SP21
605,74608,4/9/2021,webwork_9,SP21
606,15531,4/9/2021,webwork_9,SP21
607,22902,4/9/2021,webwork_9,SP21
608,36834,4/9/2021,webwork_9,SP21
609,41981,4/9/2021,webwork_9,SP21
610,60018,4/9/2021,webwork_9,SP21
611,99444,4/9/2021,webwork_9,SP21
612,42371,4/9/2021,webwork_9,SP21
613,50542,4/9/2021,webwork_9,SP21
614,69434,4/9/2021,webwork_9,SP21
615,16330,4/9/2021,webwork_9,SP21
616,14313,11/5/2021,webwork_9,F21
617,95538,11/5/2021,webwork_9,F21
618,90795,11/5/2021,webwork_9,F21
619,93871,11/5/2021,webwork_9,F21
620,60320,11/5/2021,webwork_9,F21
621,82536,11/5/2021,webwork_9,F21
622,31208,11/5/2021,webwork_9,F21
623,88774,11/5/2021,webwork_9,F21
624,20020,11/5/2021,webwork_9,F21
625,80427,11/5/2021,webwork_9,F21
626,96812,11/5/2021,webwork_9,F21
627,52262,11/5/2021,webwork_9,F21
628,93570,11/5/2021,webwork_9,F21
629,30574,11/5/2021,webwork_9,F21
630,31846,11/5/2021,webwork_9,F21
631,72329,11/5/2021,webwork_9,F21
632,87728,11/5/2021,webwork_9,F21
633,59566,11/5/2021,webwork_9,F21
634,22902,11/5/2021,webwork_9,F21
635,27689,11/5/2021,webwork_9,F21
636,69983,11/5/2021,webwork_9,F21
637,12461,11/5/2021,webwork_9,F21
638,93335,11/5/2021,webwork_9,F21
639,80450,11/5/2021,webwork_9,F21
640,84281,11/5/2021,webwork_9,F21
641,48825,11/5/2021,webwork_9,F21
642,75538,11/5/2021,webwork_9,F21
643,29436,4/16/2021,webwork_10,SP21
644,36585,4/16/2021,webwork_10,SP21
645,19343,4/16/2021,webwork_10,SP21
646,62783,4/16/2021,webwork_10,SP21
647,83943,4/16/2021,webwork_10,SP21
648,14772,4/16/2021,webwork_10,SP21
649,38687,4/16/2021,webwork_10,SP21
650,17830,4/16/2021,webwork_10,SP21
651,31085,4/16/2021,webwork_10,SP21
652,26815,4/16/2021,webwork_10,SP21
653,46516,4/16/2021,webwork_10,SP21
654,68658,4/16/2021,webwork_10,SP21
655,62252,4/16/2021,webwork_10,SP21
656,88009,4/16/2021,webwork_10,SP21
657,96431,4/16/2021,webwork_10,SP21
658,44661,4/16/2021,webwork_10,SP21
659,97692,4/16/2021,webwork_10,SP21
660,77508,4/16/2021,webwork_10,SP21
661,58151,4/16/2021,webwork_10,SP21
662,57725,4/16/2021,webwork_10,SP21
663,57894,4/16/2021,webwork_10,SP21
664,32314,4/16/2021,webwork_10,SP21
665,75683,4/16/2021,webwork_10,SP21
666,13358,4/16/2021,webwork_10,SP21
667,98626,4/16/2021,webwork_10,SP21
668,30193,4/16/2021,webwork_10,SP21
669,67424,4/16/2021,webwork_10,SP21
670,40230,4/16/2021,webwork_10,SP21
671,80334,4/16/2021,webwork_10,SP21
672,46912,4/16/2021,webwork_10,SP21
673,53854,4/16/2021,webwork_10,SP21
674,52882,4/16/2021,webwork_10,SP21
675,96596,4/16/2021,webwork_10,SP21
676,50867,4/16/2021,webwork_10,SP21
677,65004,4/16/2021,webwork_10,SP21
678,36834,4/16/2021,webwork_10,SP21
679,34064,4/16/2021,webwork_10,SP21
680,41981,4/16/2021,webwork_10,SP21
681,60018,4/16/2021,webwork_10,SP21
682,42371,4/16/2021,webwork_10,SP21
683,50542,4/16/2021,webwork_10,SP21
684,69434,4/16/2021,webwork_10,SP21
685,14313,11/12/2021,webwork_10,F21
686,95538,11/12/2021,webwork_10,F21
687,90795,11/12/2021,webwork_10,F21
688,93871,11/12/2021,webwork_10,F21
689,60320,11/12/2021,webwork_10,F21
690,82536,11/12/2021,webwork_10,F21
691,31208,11/12/2021,webwork_10,F21
692,88774,11/12/2021,webwork_10,F21
693,20020,11/12/2021,webwork_10,F21
694,80427,11/12/2021,webwork_10,F21
695,96812,11/12/2021,webwork_10,F21
696,52262,11/12/2021,webwork_10,F21
697,93570,11/12/2021,webwork_10,F21
698,30574,11/12/2021,webwork_10,F21
699,31846,11/12/2021,webwork_10,F21
700,72329,11/12/2021,webwork_10,F21
701,87728,11/12/2021,webwork_10,F21
702,59566,11/12/2021,webwork_10,F21
703,22902,11/12/2021,webwork_10,F21
704,27689,11/12/2021,webwork_10,F21
705,69983,11/12/2021,webwork_10,F21
706,12461,11/12/2021,webwork_10,F21
707,93335,11/12/2021,webwork_10,F21
708,80450,11/12/2021,webwork_10,F21
709,48825,11/12/2021,webwork_10,F21
710,75538,11/12/2021,webwork_10,F21
711,36585,4/22/2021,webwork_11,SP21
712,98539,4/22/2021,webwork_11,SP21
713,62783,4/22/2021,webwork_11,SP21
714,83943,4/22/2021,webwork_11,SP21
715,14772,4/22/2021,webwork_11,SP21
716,38687,4/22/2021,webwork_11,SP21
717,17830,4/22/2021,webwork_11,SP21
718,31085,4/22/2021,webwork_11,SP21
719,26815,4/22/2021,webwork_11,SP21
720,68658,4/22/2021,webwork_11,SP21
721,62252,4/22/2021,webwork_11,SP21
722,88009,4/22/2021,webwork_11,SP21
723,96431,4/22/2021,webwork_11,SP21
724,44661,4/22/2021,webwork_11,SP21
725,77508,4/22/2021,webwork_11,SP21
726,58151,4/22/2021,webwork_11,SP21
727,57725,4/22/2021,webwork_11,SP21
728,57894,4/22/2021,webwork_11,SP21
729,16144,4/22/2021,webwork_11,SP21
730,32314,4/22/2021,webwork_11,SP21
731,75683,4/22/2021,webwork_11,SP21
732,13358,4/22/2021,webwork_11,SP21
733,98626,4/22/2021,webwork_11,SP21
734,30193,4/22/2021,webwork_11,SP21
735,67424,4/22/2021,webwork_11,SP21
736,40230,4/22/2021,webwork_11,SP21
737,80334,4/22/2021,webwork_11,SP21
738,46912,4/22/2021,webwork_11,SP21
739,53854,4/22/2021,webwork_11,SP21
740,66810,4/22/2021,webwork_11,SP21
741,52882,4/22/2021,webwork_11,SP21
742,96596,4/22/2021,webwork_11,SP21
743,77328,4/22/2021,webwork_11,SP21
744,50867,4/22/2021,webwork_11,SP21
745,65004,4/22/2021,webwork_11,SP21
746,58850,4/22/2021,webwork_11,SP21
747,15531,4/22/2021,webwork_11,SP21
748,36834,4/22/2021,webwork_11,SP21
749,34064,4/22/2021,webwork_11,SP21
750,41981,4/22/2021,webwork_11,SP21
751,60018,4/22/2021,webwork_11,SP21
752,42371,4/22/2021,webwork_11,SP21
753,44913,4/22/2021,webwork_11,SP21
754,50542,4/22/2021,webwork_11,SP21
755,69434,4/22/2021,webwork_11,SP21
756,16330,4/22/2021,webwork_11,SP21
757,95538,11/19/2021,webwork_11,F21
758,90795,11/19/2021,webwork_11,F21
759,93871,11/19/2021,webwork_11,F21
760,60320,11/19/2021,webwork_11,F21
761,82536,11/19/2021,webwork_11,F21
762,31208,11/19/2021,webwork_11,F21
763,88774,11/19/2021,webwork_11,F21
764,20020,11/19/2021,webwork_11,F21
765,80427,11/19/2021,webwork_11,F21
766,96812,11/19/2021,webwork_11,F21
767,52262,11/19/2021,webwork_11,F21
768,93570,11/19/2021,webwork_11,F21
769,30574,11/19/2021,webwork_11,F21
770,31846,11/19/2021,webwork_11,F21
771,72329,11/19/2021,webwork_11,F21
772,87728,11/19/2021,webwork_11,F21
773,22902,11/19/2021,webwork_11,F21
774,27689,11/19/2021,webwork_11,F21
775,69983,11/19/2021,webwork_11,F21
776,12461,11/19/2021,webwork_11,F21
777,93335,11/19/2021,webwork_11,F21
778,80450,11/19/2021,webwork_11,F21
779,84281,11/19/2021,webwork_11,F21
780,75538,11/19/2021,webwork_11,F21
781,29436,4/27/2021,webwork_12,SP21
782,18832,4/27/2021,webwork_12,SP21
783,36585,4/27/2021,webwork_12,SP21
784,98539,4/27/2021,webwork_12,SP21
785,19343,4/27/2021,webwork_12,SP21
786,62783,4/27/2021,webwork_12,SP21
787,14772,4/27/2021,webwork_12,SP21
788,38687,4/27/2021,webwork_12,SP21
789,17830,4/27/2021,webwork_12,SP21
790,31085,4/27/2021,webwork_12,SP21
791,26815,4/27/2021,webwork_12,SP21
792,46516,4/27/2021,webwork_12,SP21
793,68658,4/27/2021,webwork_12,SP21
794,62252,4/27/2021,webwork_12,SP21
795,88009,4/27/2021,webwork_12,SP21
796,96431,4/27/2021,webwork_12,SP21
797,97692,4/27/2021,webwork_12,SP21
798,58151,4/27/2021,webwork_12,SP21
799,57725,4/27/2021,webwork_12,SP21
800,57894,4/27/2021,webwork_12,SP21
801,16144,4/27/2021,webwork_12,SP21
802,32314,4/27/2021,webwork_12,SP21
803,75683,4/27/2021,webwork_12,SP21
804,98626,4/27/2021,webwork_12,SP21
805,30193,4/27/2021,webwork_12,SP21
806,67424,4/27/2021,webwork_12,SP21
807,40230,4/27/2021,webwork_12,SP21
808,80334,4/27/2021,webwork_12,SP21
809,46912,4/27/2021,webwork_12,SP21
810,53854,4/27/2021,webwork_12,SP21
811,66810,4/27/2021,webwork_12,SP21
812,52882,4/27/2021,webwork_12,SP21
813,96596,4/27/2021,webwork_12,SP21
814,77328,4/27/2021,webwork_12,SP21
815,50867,4/27/2021,webwork_12,SP21
816,65004,4/27/2021,webwork_12,SP21
817,37786,4/27/2021,webwork_12,SP21
818,58850,4/27/2021,webwork_12,SP21
819,22902,4/27/2021,webwork_12,SP21
820,36834,4/27/2021,webwork_12,SP21
821,34064,4/27/2021,webwork_12,SP21
822,41981,4/27/2021,webwork_12,SP21
823,60018,4/27/2021,webwork_12,SP21
824,42371,4/27/2021,webwork_12,SP21
825,44913,4/27/2021,webwork_12,SP21
826,50542,4/27/2021,webwork_12,SP21
827,69434,4/27/2021,webwork_12,SP21
828,16330,4/27/2021,webwork_12,SP21
829,95538,12/3/2021,webwork_12,F21
830,90795,12/3/2021,webwork_12,F21
831,80726,12/3/2021,webwork_12,F21
832,93871,12/3/2021,webwork_12,F21
833,60320,12/3/2021,webwork_12,F21
834,82536,12/3/2021,webwork_12,F21
835,31208,12/3/2021,webwork_12,F21
836,88774,12/3/2021,webwork_12,F21
837,20020,12/3/2021,webwork_12,F21
838,80427,12/3/2021,webwork_12,F21
839,96812,12/3/2021,webwork_12,F21
840,52262,12/3/2021,webwork_12,F21
841,93570,12/3/2021,webwork_12,F21
842,30574,12/3/2021,webwork_12,F21
843,31846,12/3/2021,webwork_12,F21
844,72329,12/3/2021,webwork_12,F21
845,87728,12/3/2021,webwork_12,F21
846,59566,12/3/2021,webwork_12,F21
847,22902,12/3/2021,webwork_12,F21
848,27689,12/3/2021,webwork_12,F21
849,69983,12/3/2021,webwork_12,F21
850,12461,12/3/2021,webwork_12,F21
851,93335,12/3/2021,webwork_12,F21
852,80450,12/3/2021,webwork_12,F21
853,84281,12/3/2021,webwork_12,F21
854,75538,12/3/2021,webwork_12,F21
855,29436,5/6/2021,webwork_13,SP21
856,18832,5/6/2021,webwork_13,SP21
857,36585,5/6/2021,webwork_13,SP21
858,19343,5/6/2021,webwork_13,SP21
859,83943,5/6/2021,webwork_13,SP21
860,38687,5/6/2021,webwork_13,SP21
861,68658,5/6/2021,webwork_13,SP21
862,62252,5/6/2021,webwork_13,SP21
863,88009,5/6/2021,webwork_13,SP21
864,44661,5/6/2021,webwork_13,SP21
865,97692,5/6/2021,webwork_13,SP21
866,77508,5/6/2021,webwork_13,SP21
867,57725,5/6/2021,webwork_13,SP21
868,57894,5/6/2021,webwork_13,SP21
869,32314,5/6/2021,webwork_13,SP21
870,13358,5/6/2021,webwork_13,SP21
871,98626,5/6/2021,webwork_13,SP21
872,40230,5/6/2021,webwork_13,SP21
873,80334,5/6/2021,webwork_13,SP21
874,46912,5/6/2021,webwork_13,SP21
875,53854,5/6/2021,webwork_13,SP21
876,66810,5/6/2021,webwork_13,SP21
877,96596,5/6/2021,webwork_13,SP21
878,77328,5/6/2021,webwork_13,SP21
879,50867,5/6/2021,webwork_13,SP21
880,65544,5/6/2021,webwork_13,SP21
881,58850,5/6/2021,webwork_13,SP21
882,74608,5/6/2021,webwork_13,SP21
883,15531,5/6/2021,webwork_13,SP21
884,22902,5/6/2021,webwork_13,SP21
885,36834,5/6/2021,webwork_13,SP21
886,34064,5/6/2021,webwork_13,SP21
887,60018,5/6/2021,webwork_13,SP21
888,99444,5/6/2021,webwork_13,SP21
889,44913,5/6/2021,webwork_13,SP21
890,69434,5/6/2021,webwork_13,SP21
891,16330,5/6/2021,webwork_13,SP21
892,14313,12/10/2021,webwork_13,F21
893,95538,12/10/2021,webwork_13,F21
894,90795,12/10/2021,webwork_13,F21
895,80726,12/10/2021,webwork_13,F21
896,93871,12/10/2021,webwork_13,F21
897,31208,12/10/2021,webwork_13,F21
898,88774,12/10/2021,webwork_13,F21
899,20020,12/10/2021,webwork_13,F21
900,80427,12/10/2021,webwork_13,F21
901,96812,12/10/2021,webwork_13,F21
902,52262,12/10/2021,webwork_13,F21
903,93570,12/10/2021,webwork_13,F21
904,30574,12/10/2021,webwork_13,F21
905,31846,12/10/2021,webwork_13,F21
906,87728,12/10/2021,webwork_13,F21
907,59566,12/10/2021,webwork_13,F21
908,69983,12/10/2021,webwork_13,F21
909,12461,12/10/2021,webwork_13,F21
910,80450,12/10/2021,webwork_13,F21
911,84281,12/10/2021,webwork_13,F21
912,48825,12/10/2021,webwork_13,F21
913,75538,12/10/2021,webwork_13,F21
914,47088,2/5/2021,webwork_1,SP21
915,29436,2/5/2021,webwork_1,SP21
916,18832,2/5/2021,webwork_1,SP21
917,36585,2/5/2021,webwork_1,SP21
918,98539,2/5/2021,webwork_1,SP21
919,19343,2/5/2021,webwork_1,SP21
920,62783,2/5/2021,webwork_1,SP21
921,83943,2/5/2021,webwork_1,SP21
922,14772,2/5/2021,webwork_1,SP21
923,38687,2/5/2021,webwork_1,SP21
924,17830,2/5/2021,webwork_1,SP21
925,31085,2/5/2021,webwork_1,SP21
926,26815,2/5/2021,webwork_1,SP21
927,46516,2/5/2021,webwork_1,SP21
928,68658,2/5/2021,webwork_1,SP21
929,62252,2/5/2021,webwork_1,SP21
930,88009,2/5/2021,webwork_1,SP21
931,96431,2/5/2021,webwork_1,SP21
932,44661,2/5/2021,webwork_1,SP21
933,97692,2/5/2021,webwork_1,SP21
934,77508,2/5/2021,webwork_1,SP21
935,58151,2/5/2021,webwork_1,SP21
936,57725,2/5/2021,webwork_1,SP21
937,57894,2/5/2021,webwork_1,SP21
938,16144,2/5/2021,webwork_1,SP21
939,32314,2/5/2021,webwork_1,SP21
940,75683,2/5/2021,webwork_1,SP21
941,13358,2/5/2021,webwork_1,SP21
942,78555,2/5/2021,webwork_1,SP21
943,98626,2/5/2021,webwork_1,SP21
944,30193,2/5/2021,webwork_1,SP21
945,67424,2/5/2021,webwork_1,SP21
946,40230,2/5/2021,webwork_1,SP21
947,80334,2/5/2021,webwork_1,SP21
948,46912,2/5/2021,webwork_1,SP21
949,53854,2/5/2021,webwork_1,SP21
950,66810,2/5/2021,webwork_1,SP21
951,52882,2/5/2021,webwork_1,SP21
952,96596,2/5/2021,webwork_1,SP21
953,77328,2/5/2021,webwork_1,SP21
954,50867,2/5/2021,webwork_1,SP21
955,65004,2/5/2021,webwork_1,SP21
956,65544,2/5/2021,webwork_1,SP21
957,37786,2/5/2021,webwork_1,SP21
958,58850,2/5/2021,webwork_1,SP21
959,74608,2/5/2021,webwork_1,SP21
960,15531,2/5/2021,webwork_1,SP21
961,36834,2/5/2021,webwork_1,SP21
962,34064,2/5/2021,webwork_1,SP21
963,41981,2/5/2021,webwork_1,SP21
964,60018,2/5/2021,webwork_1,SP21
965,99444,2/5/2021,webwork_1,SP21
966,42371,2/5/2021,webwork_1,SP21
967,44913,2/5/2021,webwork_1,SP21
968,50542,2/5/2021,webwork_1,SP21
969,69434,2/5/2021,webwork_1,SP21
970,16330,2/5/2021,webwork_1,SP21
971,47088,02/04/2021,1.2.1,SP21
972,29436,02/04/2021,1.2.1,SP21
973,18832,02/04/2021,1.2.1,SP21
974,36585,02/04/2021,1.2.1,SP21
975,19343,02/04/2021,1.2.1,SP21
976,62783,02/04/2021,1.2.1,SP21
977,83943,02/04/2021,1.2.1,SP21
978,14772,02/04/2021,1.2.1,SP21
979,38687,02/04/2021,1.2.1,SP21
980,17830,02/04/2021,1.2.1,SP21
981,31085,02/04/2021,1.2.1,SP21
982,26815,02/04/2021,1.2.1,SP21
983,46516,02/04/2021,1.2.1,SP21
984,68658,02/04/2021,1.2.1,SP21
985,62252,02/04/2021,1.2.1,SP21
986,88009,02/04/2021,1.2.1,SP21
987,96431,02/04/2021,1.2.1,SP21
988,44661,02/04/2021,1.2.1,SP21
989,97692,02/04/2021,1.2.1,SP21
990,77508,02/04/2021,1.2.1,SP21
991,58151,02/04/2021,1.2.1,SP21
992,57725,02/04/2021,1.2.1,SP21
993,57894,02/04/2021,1.2.1,SP21
994,16144,02/04/2021,1.2.1,SP21
995,32314,02/04/2021,1.2.1,SP21
996,75683,02/04/2021,1.2.1,SP21
997,13358,02/04/2021,1.2.1,SP21
998,78555,02/04/2021,1.2.1,SP21
999,98626,02/04/2021,1.2.1,SP21
1000,30193,02/04/2021,1.2.1,SP21
1001,67424,02/04/2021,1.2.1,SP21
1002,40230,02/04/2021,1.2.1,SP21
1003,80334,02/04/2021,1.2.1,SP21
1004,46912,02/04/2021,1.2.1,SP21
1005,53854,02/04/2021,1.2.1,SP21
1006,66810,02/04/2021,1.2.1,SP21
1007,52882,02/04/2021,1.2.1,SP21
1008,60320,02/04/2021,1.2.1,SP21
1009,96596,02/04/2021,1.2.1,SP21
1010,77328,02/04/2021,1.2.1,SP21
1011,65004,02/04/2021,1.2.1,SP21
1012,65544,02/04/2021,1.2.1,SP21
1013,37786,02/04/2021,1.2.1,SP21
1014,58850,02/04/2021,1.2.1,SP21
1015,74608,02/04/2021,1.2.1,SP21
1016,15531,02/04/2021,1.2.1,SP21
1017,22902,02/04/2021,1.2.1,SP21
1018,36834,02/04/2021,1.2.1,SP21
1019,34064,02/04/2021,1.2.1,SP21
1020,41981,02/04/2021,1.2.1,SP21
1021,60018,02/04/2021,1.2.1,SP21
1022,99444,02/04/2021,1.2.1,SP21
1023,42371,02/04/2021,1.2.1,SP21
1024,44913,02/04/2021,1.2.1,SP21
1025,50542,02/04/2021,1.2.1,SP21
1026,69434,02/04/2021,1.2.1,SP21
1027,16330,02/04/2021,1.2.1,SP21
1028,14313,09/14/2021,1.2.1,F21
1029,95538,09/14/2021,1.2.1,F21
1030,90795,09/14/2021,1.2.1,F21
1031,80726,09/14/2021,1.2.1,F21
1032,93871,09/14/2021,1.2.1,F21
1033,60320,09/14/2021,1.2.1,F21
1034,82536,09/14/2021,1.2.1,F21
1035,31208,09/14/2021,1.2.1,F21
1036,88774,09/14/2021,1.2.1,F21
1037,20020,09/14/2021,1.2.1,F21
1038,80427,09/14/2021,1.2.1,F21
1039,96812,09/14/2021,1.2.1,F21
1040,52262,09/14/2021,1.2.1,F21
1041,93570,09/14/2021,1.2.1,F21
1042,30574,09/14/2021,1.2.1,F21
1043,31846,09/14/2021,1.2.1,F21
1044,72329,09/14/2021,1.2.1,F21
1045,87728,09/14/2021,1.2.1,F21
1046,22902,09/14/2021,1.2.1,F21
1047,27689,09/14/2021,1.2.1,F21
1048,69983,09/14/2021,1.2.1,F21
1049,12461,09/14/2021,1.2.1,F21
1050,93335,09/14/2021,1.2.1,F21
1051,80450,09/14/2021,1.2.1,F21
1052,84281,09/14/2021,1.2.1,F21
1053,48825,09/14/2021,1.2.1,F21
1054,75538,09/14/2021,1.2.1,F21
1055,47088,02/08/2021,1.1.1,SP21
1056,29436,02/08/2021,1.1.1,SP21
1057,18832,02/08/2021,1.1.1,SP21
1058,36585,02/08/2021,1.1.1,SP21
1059,98539,02/08/2021,1.1.1,SP21
1060,19343,02/08/2021,1.1.1,SP21
1061,62783,02/08/2021,1.1.1,SP21
1062,83943,02/08/2021,1.1.1,SP21
1063,14772,02/08/2021,1.1.1,SP21
1064,38687,02/08/2021,1.1.1,SP21
1065,17830,02/08/2021,1.1.1,SP21
1066,31085,02/08/2021,1.1.1,SP21
1067,26815,02/08/2021,1.1.1,SP21
1068,68658,02/08/2021,1.1.1,SP21
1069,62252,02/08/2021,1.1.1,SP21
1070,88009,02/08/2021,1.1.1,SP21
1071,96431,02/08/2021,1.1.1,SP21
1072,44661,02/08/2021,1.1.1,SP21
1073,97692,02/08/2021,1.1.1,SP21
1074,77508,02/08/2021,1.1.1,SP21
1075,58151,02/08/2021,1.1.1,SP21
1076,57725,02/08/2021,1.1.1,SP21
1077,57894,02/08/2021,1.1.1,SP21
1078,16144,02/08/2021,1.1.1,SP21
1079,32314,02/08/2021,1.1.1,SP21
1080,75683,02/08/2021,1.1.1,SP21
1081,13358,02/08/2021,1.1.1,SP21
1082,78555,02/08/2021,1.1.1,SP21
1083,98626,02/08/2021,1.1.1,SP21
1084,30193,02/08/2021,1.1.1,SP21
1085,67424,02/08/2021,1.1.1,SP21
1086,40230,02/08/2021,1.1.1,SP21
1087,80334,02/08/2021,1.1.1,SP21
1088,46912,02/08/2021,1.1.1,SP21
1089,53854,02/08/2021,1.1.1,SP21
1090,66810,02/08/2021,1.1.1,SP21
1091,52882,02/08/2021,1.1.1,SP21
1092,60320,02/08/2021,1.1.1,SP21
1093,96596,02/08/2021,1.1.1,SP21
1094,77328,02/08/2021,1.1.1,SP21
1095,50867,02/08/2021,1.1.1,SP21
1096,65004,02/08/2021,1.1.1,SP21
1097,37786,02/08/2021,1.1.1,SP21
1098,58850,02/08/2021,1.1.1,SP21
1099,74608,02/08/2021,1.1.1,SP21
1100,15531,02/08/2021,1.1.1,SP21
1101,36834,02/08/2021,1.1.1,SP21
1102,34064,02/08/2021,1.1.1,SP21
1103,41981,02/08/2021,1.1.1,SP21
1104,60018,02/08/2021,1.1.1,SP21
1105,99444,02/08/2021,1.1.1,SP21
1106,42371,02/08/2021,1.1.1,SP21
1107,44913,02/08/2021,1.1.1,SP21
1108,50542,02/08/2021,1.1.1,SP21
1109,69434,02/08/2021,1.1.1,SP21
1110,16330,02/08/2021,1.1.1,SP21
1111,95538,09/10/2021,1.1.1,F21
1112,80726,09/10/2021,1.1.1,F21
1113,93871,09/10/2021,1.1.1,F21
1114,82536,09/10/2021,1.1.1,F21
1115,31208,09/10/2021,1.1.1,F21
1116,20020,09/10/2021,1.1.1,F21
1117,80427,09/10/2021,1.1.1,F21
1118,96812,09/10/2021,1.1.1,F21
1119,52262,09/10/2021,1.1.1,F21
1120,93570,09/10/2021,1.1.1,F21
1121,30574,09/10/2021,1.1.1,F21
1122,31846,09/10/2021,1.1.1,F21
1123,72329,09/10/2021,1.1.1,F21
1124,87728,09/10/2021,1.1.1,F21
1125,59566,09/10/2021,1.1.1,F21
1126,22902,09/10/2021,1.1.1,F21
1127,69983,09/10/2021,1.1.1,F21
1128,12461,09/10/2021,1.1.1,F21
1129,93335,09/10/2021,1.1.1,F21
1130,80450,09/10/2021,1.1.1,F21
1131,75538,09/10/2021,1.1.1,F21
1132,47088,02/11/2021,1.3.1,SP21
1133,29436,02/11/2021,1.3.1,SP21
1134,18832,02/11/2021,1.3.1,SP21
1135,36585,02/11/2021,1.3.1,SP21
1136,98539,02/11/2021,1.3.1,SP21
1137,19343,02/11/2021,1.3.1,SP21
1138,62783,02/11/2021,1.3.1,SP21
1139,83943,02/11/2021,1.3.1,SP21
1140,14772,02/11/2021,1.3.1,SP21
1141,38687,02/11/2021,1.3.1,SP21
1142,17830,02/11/2021,1.3.1,SP21
1143,31085,02/11/2021,1.3.1,SP21
1144,26815,02/11/2021,1.3.1,SP21
1145,46516,02/11/2021,1.3.1,SP21
1146,68658,02/11/2021,1.3.1,SP21
1147,62252,02/11/2021,1.3.1,SP21
1148,88009,02/11/2021,1.3.1,SP21
1149,96431,02/11/2021,1.3.1,SP21
1150,44661,02/11/2021,1.3.1,SP21
1151,97692,02/11/2021,1.3.1,SP21
1152,77508,02/11/2021,1.3.1,SP21
1153,58151,02/11/2021,1.3.1,SP21
1154,57725,02/11/2021,1.3.1,SP21
1155,57894,02/11/2021,1.3.1,SP21
1156,16144,02/11/2021,1.3.1,SP21
1157,32314,02/11/2021,1.3.1,SP21
1158,75683,02/11/2021,1.3.1,SP21
1159,13358,02/11/2021,1.3.1,SP21
1160,78555,02/11/2021,1.3.1,SP21
1161,98626,02/11/2021,1.3.1,SP21
1162,30193,02/11/2021,1.3.1,SP21
1163,67424,02/11/2021,1.3.1,SP21
1164,40230,02/11/2021,1.3.1,SP21
1165,80334,02/11/2021,1.3.1,SP21
1166,46912,02/11/2021,1.3.1,SP21
1167,53854,02/11/2021,1.3.1,SP21
1168,66810,02/11/2021,1.3.1,SP21
1169,52882,02/11/2021,1.3.1,SP21
1170,60320,02/11/2021,1.3.1,SP21
1171,96596,02/11/2021,1.3.1,SP21
1172,77328,02/11/2021,1.3.1,SP21
1173,50867,02/11/2021,1.3.1,SP21
1174,65004,02/11/2021,1.3.1,SP21
1175,65544,02/11/2021,1.3.1,SP21
1176,37786,02/11/2021,1.3.1,SP21
1177,58850,02/11/2021,1.3.1,SP21
1178,74608,02/11/2021,1.3.1,SP21
1179,15531,02/11/2021,1.3.1,SP21
1180,22902,02/11/2021,1.3.1,SP21
1181,36834,02/11/2021,1.3.1,SP21
1182,34064,02/11/2021,1.3.1,SP21
1183,41981,02/11/2021,1.3.1,SP21
1184,60018,02/11/2021,1.3.1,SP21
1185,99444,02/11/2021,1.3.1,SP21
1186,42371,02/11/2021,1.3.1,SP21
1187,44913,02/11/2021,1.3.1,SP21
1188,50542,02/11/2021,1.3.1,SP21
1189,69434,02/11/2021,1.3.1,SP21
1190,16330,02/11/2021,1.3.1,SP21
1191,14313,09/17/2021,1.3.1,F21
1192,95538,09/17/2021,1.3.1,F21
1193,90795,09/17/2021,1.3.1,F21
1194,80726,09/17/2021,1.3.1,F21
1195,93871,09/17/2021,1.3.1,F21
1196,60320,09/17/2021,1.3.1,F21
1197,82536,09/17/2021,1.3.1,F21
1198,31208,09/17/2021,1.3.1,F21
1199,88774,09/17/2021,1.3.1,F21
1200,20020,09/17/2021,1.3.1,F21
1201,80427,09/17/2021,1.3.1,F21
1202,96812,09/17/2021,1.3.1,F21
1203,52262,09/17/2021,1.3.1,F21
1204,93570,09/17/2021,1.3.1,F21
1205,30574,09/17/2021,1.3.1,F21
1206,31846,09/17/2021,1.3.1,F21
1207,72329,09/17/2021,1.3.1,F21
1208,87728,09/17/2021,1.3.1,F21
1209,59566,09/17/2021,1.3.1,F21
1210,22902,09/17/2021,1.3.1,F21
1211,27689,09/17/2021,1.3.1,F21
1212,69983,09/17/2021,1.3.1,F21
1213,12461,09/17/2021,1.3.1,F21
1214,93335,09/17/2021,1.3.1,F21
1215,80450,09/17/2021,1.3.1,F21
1216,84281,09/17/2021,1.3.1,F21
1217,48825,09/17/2021,1.3.1,F21
1218,75538,09/17/2021,1.3.1,F21
1219,47088,02/15/2021,1.4.1,SP21
1220,29436,02/15/2021,1.4.1,SP21
1221,18832,02/15/2021,1.4.1,SP21
1222,36585,02/15/2021,1.4.1,SP21
1223,98539,02/15/2021,1.4.1,SP21
1224,19343,02/15/2021,1.4.1,SP21
1225,62783,02/15/2021,1.4.1,SP21
1226,83943,02/15/2021,1.4.1,SP21
1227,14772,02/15/2021,1.4.1,SP21
1228,38687,02/15/2021,1.4.1,SP21
1229,17830,02/15/2021,1.4.1,SP21
1230,31085,02/15/2021,1.4.1,SP21
1231,26815,02/15/2021,1.4.1,SP21
1232,46516,02/15/2021,1.4.1,SP21
1233,68658,02/15/2021,1.4.1,SP21
1234,62252,02/15/2021,1.4.1,SP21
1235,88009,02/15/2021,1.4.1,SP21
1236,96431,02/15/2021,1.4.1,SP21
1237,44661,02/15/2021,1.4.1,SP21
1238,97692,02/15/2021,1.4.1,SP21
1239,77508,02/15/2021,1.4.1,SP21
1240,58151,02/15/2021,1.4.1,SP21
1241,57725,02/15/2021,1.4.1,SP21
1242,57894,02/15/2021,1.4.1,SP21
1243,16144,02/15/2021,1.4.1,SP21
1244,32314,02/15/2021,1.4.1,SP21
1245,75683,02/15/2021,1.4.1,SP21
1246,13358,02/15/2021,1.4.1,SP21
1247,78555,02/15/2021,1.4.1,SP21
1248,98626,02/15/2021,1.4.1,SP21
1249,30193,02/15/2021,1.4.1,SP21
1250,67424,02/15/2021,1.4.1,SP21
1251,40230,02/15/2021,1.4.1,SP21
1252,80334,02/15/2021,1.4.1,SP21
1253,46912,02/15/2021,1.4.1,SP21
1254,53854,02/15/2021,1.4.1,SP21
1255,66810,02/15/2021,1.4.1,SP21
1256,52882,02/15/2021,1.4.1,SP21
1257,60320,02/15/2021,1.4.1,SP21
1258,96596,02/15/2021,1.4.1,SP21
1259,77328,02/15/2021,1.4.1,SP21
1260,50867,02/15/2021,1.4.1,SP21
1261,65004,02/15/2021,1.4.1,SP21
1262,65544,02/15/2021,1.4.1,SP21
1263,37786,02/15/2021,1.4.1,SP21
1264,58850,02/15/2021,1.4.1,SP21
1265,74608,02/15/2021,1.4.1,SP21
1266,15531,02/15/2021,1.4.1,SP21
1267,22902,02/15/2021,1.4.1,SP21
1268,36834,02/15/2021,1.4.1,SP21
1269,34064,02/15/2021,1.4.1,SP21
1270,41981,02/15/2021,1.4.1,SP21
1271,60018,02/15/2021,1.4.1,SP21
1272,99444,02/15/2021,1.4.1,SP21
1273,42371,02/15/2021,1.4.1,SP21
1274,44913,02/15/2021,1.4.1,SP21
1275,50542,02/15/2021,1.4.1,SP21
1276,69434,02/15/2021,1.4.1,SP21
1277,16330,02/15/2021,1.4.1,SP21
1278,14313,09/21/2021,1.4.1,F21
1279,95538,09/21/2021,1.4.1,F21
1280,90795,09/21/2021,1.4.1,F21
1281,80726,09/21/2021,1.4.1,F21
1282,93871,09/21/2021,1.4.1,F21
1283,60320,09/21/2021,1.4.1,F21
1284,82536,09/21/2021,1.4.1,F21
1285,31208,09/21/2021,1.4.1,F21
1286,88774,09/21/2021,1.4.1,F21
1287,20020,09/21/2021,1.4.1,F21
1288,80427,09/21/2021,1.4.1,F21
1289,96812,09/21/2021,1.4.1,F21
1290,52262,09/21/2021,1.4.1,F21
1291,93570,09/21/2021,1.4.1,F21
1292,30574,09/21/2021,1.4.1,F21
1293,31846,09/21/2021,1.4.1,F21
1294,72329,09/21/2021,1.4.1,F21
1295,87728,09/21/2021,1.4.1,F21
1296,59566,09/21/2021,1.4.1,F21
1297,22902,09/21/2021,1.4.1,F21
1298,27689,09/21/2021,1.4.1,F21
1299,69983,09/21/2021,1.4.1,F21
1300,12461,09/21/2021,1.4.1,F21
1301,93335,09/21/2021,1.4.1,F21
1302,80450,09/21/2021,1.4.1,F21
1303,84281,09/21/2021,1.4.1,F21
1304,48825,09/21/2021,1.4.1,F21
1305,75538,09/21/2021,1.4.1,F21
1306,47088,02/18/2021,1.5.1,SP21
1307,29436,02/18/2021,1.5.1,SP21
1308,18832,02/18/2021,1.5.1,SP21
1309,36585,02/18/2021,1.5.1,SP21
1310,98539,02/18/2021,1.5.1,SP21
1311,19343,02/18/2021,1.5.1,SP21
1312,62783,02/18/2021,1.5.1,SP21
1313,83943,02/18/2021,1.5.1,SP21
1314,14772,02/18/2021,1.5.1,SP21
1315,38687,02/18/2021,1.5.1,SP21
1316,17830,02/18/2021,1.5.1,SP21
1317,31085,02/18/2021,1.5.1,SP21
1318,26815,02/18/2021,1.5.1,SP21
1319,46516,02/18/2021,1.5.1,SP21
1320,68658,02/18/2021,1.5.1,SP21
1321,62252,02/18/2021,1.5.1,SP21
1322,88009,02/18/2021,1.5.1,SP21
1323,96431,02/18/2021,1.5.1,SP21
1324,44661,02/18/2021,1.5.1,SP21
1325,97692,02/18/2021,1.5.1,SP21
1326,77508,02/18/2021,1.5.1,SP21
1327,58151,02/18/2021,1.5.1,SP21
1328,57725,02/18/2021,1.5.1,SP21
1329,57894,02/18/2021,1.5.1,SP21
1330,16144,02/18/2021,1.5.1,SP21
1331,32314,02/18/2021,1.5.1,SP21
1332,75683,02/18/2021,1.5.1,SP21
1333,13358,02/18/2021,1.5.1,SP21
1334,78555,02/18/2021,1.5.1,SP21
1335,98626,02/18/2021,1.5.1,SP21
1336,30193,02/18/2021,1.5.1,SP21
1337,67424,02/18/2021,1.5.1,SP21
1338,40230,02/18/2021,1.5.1,SP21
1339,80334,02/18/2021,1.5.1,SP21
1340,46912,02/18/2021,1.5.1,SP21
1341,53854,02/18/2021,1.5.1,SP21
1342,66810,02/18/2021,1.5.1,SP21
1343,52882,02/18/2021,1.5.1,SP21
1344,60320,02/18/2021,1.5.1,SP21
1345,96596,02/18/2021,1.5.1,SP21
1346,77328,02/18/2021,1.5.1,SP21
1347,50867,02/18/2021,1.5.1,SP21
1348,65004,02/18/2021,1.5.1,SP21
1349,65544,02/18/2021,1.5.1,SP21
1350,37786,02/18/2021,1.5.1,SP21
1351,58850,02/18/2021,1.5.1,SP21
1352,74608,02/18/2021,1.5.1,SP21
1353,15531,02/18/2021,1.5.1,SP21
1354,36834,02/18/2021,1.5.1,SP21
1355,34064,02/18/2021,1.5.1,SP21
1356,41981,02/18/2021,1.5.1,SP21
1357,60018,02/18/2021,1.5.1,SP21
1358,99444,02/18/2021,1.5.1,SP21
1359,42371,02/18/2021,1.5.1,SP21
1360,44913,02/18/2021,1.5.1,SP21
1361,50542,02/18/2021,1.5.1,SP21
1362,69434,02/18/2021,1.5.1,SP21
1363,16330,02/18/2021,1.5.1,SP21
1364,14313,09/24/2021,1.5.1,F21
1365,95538,09/24/2021,1.5.1,F21
1366,90795,09/24/2021,1.5.1,F21
1367,93871,09/24/2021,1.5.1,F21
1368,60320,09/24/2021,1.5.1,F21
1369,82536,09/24/2021,1.5.1,F21
1370,31208,09/24/2021,1.5.1,F21
1371,88774,09/24/2021,1.5.1,F21
1372,20020,09/24/2021,1.5.1,F21
1373,80427,09/24/2021,1.5.1,F21
1374,96812,09/24/2021,1.5.1,F21
1375,52262,09/24/2021,1.5.1,F21
1376,93570,09/24/2021,1.5.1,F21
1377,30574,09/24/2021,1.5.1,F21
1378,31846,09/24/2021,1.5.1,F21
1379,72329,09/24/2021,1.5.1,F21
1380,87728,09/24/2021,1.5.1,F21
1381,59566,09/24/2021,1.5.1,F21
1382,22902,09/24/2021,1.5.1,F21
1383,27689,09/24/2021,1.5.1,F21
1384,69983,09/24/2021,1.5.1,F21
1385,12461,09/24/2021,1.5.1,F21
1386,93335,09/24/2021,1.5.1,F21
1387,80450,09/24/2021,1.5.1,F21
1388,84281,09/24/2021,1.5.1,F21
1389,48825,09/24/2021,1.5.1,F21
1390,75538,09/24/2021,1.5.1,F21
1391,47088,02/22/2021,1.6.1,SP21
1392,29436,02/22/2021,1.6.1,SP21
1393,18832,02/22/2021,1.6.1,SP21
1394,36585,02/22/2021,1.6.1,SP21
1395,98539,02/22/2021,1.6.1,SP21
1396,19343,02/22/2021,1.6.1,SP21
1397,83943,02/22/2021,1.6.1,SP21
1398,14772,02/22/2021,1.6.1,SP21
1399,38687,02/22/2021,1.6.1,SP21
1400,17830,02/22/2021,1.6.1,SP21
1401,31085,02/22/2021,1.6.1,SP21
1402,26815,02/22/2021,1.6.1,SP21
1403,46516,02/22/2021,1.6.1,SP21
1404,68658,02/22/2021,1.6.1,SP21
1405,62252,02/22/2021,1.6.1,SP21
1406,88009,02/22/2021,1.6.1,SP21
1407,96431,02/22/2021,1.6.1,SP21
1408,44661,02/22/2021,1.6.1,SP21
1409,97692,02/22/2021,1.6.1,SP21
1410,77508,02/22/2021,1.6.1,SP21
1411,58151,02/22/2021,1.6.1,SP21
1412,57725,02/22/2021,1.6.1,SP21
1413,57894,02/22/2021,1.6.1,SP21
1414,16144,02/22/2021,1.6.1,SP21
1415,32314,02/22/2021,1.6.1,SP21
1416,75683,02/22/2021,1.6.1,SP21
1417,13358,02/22/2021,1.6.1,SP21
1418,78555,02/22/2021,1.6.1,SP21
1419,98626,02/22/2021,1.6.1,SP21
1420,30193,02/22/2021,1.6.1,SP21
1421,67424,02/22/2021,1.6.1,SP21
1422,40230,02/22/2021,1.6.1,SP21
1423,80334,02/22/2021,1.6.1,SP21
1424,46912,02/22/2021,1.6.1,SP21
1425,53854,02/22/2021,1.6.1,SP21
1426,66810,02/22/2021,1.6.1,SP21
1427,52882,02/22/2021,1.6.1,SP21
1428,96596,02/22/2021,1.6.1,SP21
1429,77328,02/22/2021,1.6.1,SP21
1430,50867,02/22/2021,1.6.1,SP21
1431,65004,02/22/2021,1.6.1,SP21
1432,65544,02/22/2021,1.6.1,SP21
1433,37786,02/22/2021,1.6.1,SP21
1434,58850,02/22/2021,1.6.1,SP21
1435,74608,02/22/2021,1.6.1,SP21
1436,15531,02/22/2021,1.6.1,SP21
1437,36834,02/22/2021,1.6.1,SP21
1438,34064,02/22/2021,1.6.1,SP21
1439,41981,02/22/2021,1.6.1,SP21
1440,60018,02/22/2021,1.6.1,SP21
1441,50542,02/22/2021,1.6.1,SP21
1442,69434,02/22/2021,1.6.1,SP21
1443,16330,02/22/2021,1.6.1,SP21
1444,14313,09/28/2021,1.6.1,F21
1445,95538,09/28/2021,1.6.1,F21
1446,90795,09/28/2021,1.6.1,F21
1447,80726,09/28/2021,1.6.1,F21
1448,93871,09/28/2021,1.6.1,F21
1449,60320,09/28/2021,1.6.1,F21
1450,82536,09/28/2021,1.6.1,F21
1451,31208,09/28/2021,1.6.1,F21
1452,20020,09/28/2021,1.6.1,F21
1453,80427,09/28/2021,1.6.1,F21
1454,96812,09/28/2021,1.6.1,F21
1455,52262,09/28/2021,1.6.1,F21
1456,93570,09/28/2021,1.6.1,F21
1457,30574,09/28/2021,1.6.1,F21
1458,31846,09/28/2021,1.6.1,F21
1459,72329,09/28/2021,1.6.1,F21
1460,87728,09/28/2021,1.6.1,F21
1461,59566,09/28/2021,1.6.1,F21
1462,27689,09/28/2021,1.6.1,F21
1463,69983,09/28/2021,1.6.1,F21
1464,12461,09/28/2021,1.6.1,F21
1465,93335,09/28/2021,1.6.1,F21
1466,80450,09/28/2021,1.6.1,F21
1467,84281,09/28/2021,1.6.1,F21
1468,48825,09/28/2021,1.6.1,F21
1469,75538,09/28/2021,1.6.1,F21
1470,47088,02/25/2021,1.7.1,SP21
1471,29436,02/25/2021,1.7.1,SP21
1472,18832,02/25/2021,1.7.1,SP21
1473,36585,02/25/2021,1.7.1,SP21
1474,98539,02/25/2021,1.7.1,SP21
1475,19343,02/25/2021,1.7.1,SP21
1476,62783,02/25/2021,1.7.1,SP21
1477,83943,02/25/2021,1.7.1,SP21
1478,14772,02/25/2021,1.7.1,SP21
1479,38687,02/25/2021,1.7.1,SP21
1480,17830,02/25/2021,1.7.1,SP21
1481,26815,02/25/2021,1.7.1,SP21
1482,46516,02/25/2021,1.7.1,SP21
1483,68658,02/25/2021,1.7.1,SP21
1484,88009,02/25/2021,1.7.1,SP21
1485,96431,02/25/2021,1.7.1,SP21
1486,44661,02/25/2021,1.7.1,SP21
1487,97692,02/25/2021,1.7.1,SP21
1488,77508,02/25/2021,1.7.1,SP21
1489,58151,02/25/2021,1.7.1,SP21
1490,57725,02/25/2021,1.7.1,SP21
1491,57894,02/25/2021,1.7.1,SP21
1492,16144,02/25/2021,1.7.1,SP21
1493,32314,02/25/2021,1.7.1,SP21
1494,75683,02/25/2021,1.7.1,SP21
1495,13358,02/25/2021,1.7.1,SP21
1496,78555,02/25/2021,1.7.1,SP21
1497,98626,02/25/2021,1.7.1,SP21
1498,30193,02/25/2021,1.7.1,SP21
1499,67424,02/25/2021,1.7.1,SP21
1500,40230,02/25/2021,1.7.1,SP21
1501,80334,02/25/2021,1.7.1,SP21
1502,46912,02/25/2021,1.7.1,SP21
1503,53854,02/25/2021,1.7.1,SP21
1504,66810,02/25/2021,1.7.1,SP21
1505,52882,02/25/2021,1.7.1,SP21
1506,96596,02/25/2021,1.7.1,SP21
1507,77328,02/25/2021,1.7.1,SP21
1508,50867,02/25/2021,1.7.1,SP21
1509,65004,02/25/2021,1.7.1,SP21
1510,65544,02/25/2021,1.7.1,SP21
1511,37786,02/25/2021,1.7.1,SP21
1512,74608,02/25/2021,1.7.1,SP21
1513,15531,02/25/2021,1.7.1,SP21
1514,36834,02/25/2021,1.7.1,SP21
1515,34064,02/25/2021,1.7.1,SP21
1516,41981,02/25/2021,1.7.1,SP21
1517,60018,02/25/2021,1.7.1,SP21
1518,99444,02/25/2021,1.7.1,SP21
1519,42371,02/25/2021,1.7.1,SP21
1520,44913,02/25/2021,1.7.1,SP21
1521,50542,02/25/2021,1.7.1,SP21
1522,69434,02/25/2021,1.7.1,SP21
1523,16330,02/25/2021,1.7.1,SP21
1524,14313,10/01/2021,1.7.1,F21
1525,95538,10/01/2021,1.7.1,F21
1526,90795,10/01/2021,1.7.1,F21
1527,80726,10/01/2021,1.7.1,F21
1528,93871,10/01/2021,1.7.1,F21
1529,60320,10/01/2021,1.7.1,F21
1530,82536,10/01/2021,1.7.1,F21
1531,31208,10/01/2021,1.7.1,F21
1532,88774,10/01/2021,1.7.1,F21
1533,20020,10/01/2021,1.7.1,F21
1534,80427,10/01/2021,1.7.1,F21
1535,52262,10/01/2021,1.7.1,F21
1536,93570,10/01/2021,1.7.1,F21
1537,30574,10/01/2021,1.7.1,F21
1538,31846,10/01/2021,1.7.1,F21
1539,72329,10/01/2021,1.7.1,F21
1540,87728,10/01/2021,1.7.1,F21
1541,59566,10/01/2021,1.7.1,F21
1542,22902,10/01/2021,1.7.1,F21
1543,27689,10/01/2021,1.7.1,F21
1544,69983,10/01/2021,1.7.1,F21
1545,12461,10/01/2021,1.7.1,F21
1546,93335,10/01/2021,1.7.1,F21
1547,80450,10/01/2021,1.7.1,F21
1548,84281,10/01/2021,1.7.1,F21
1549,75538,10/01/2021,1.7.1,F21
1550,47088,03/01/2021,1.8.1,SP21
1551,29436,03/01/2021,1.8.1,SP21
1552,18832,03/01/2021,1.8.1,SP21
1553,36585,03/01/2021,1.8.1,SP21
1554,98539,03/01/2021,1.8.1,SP21
1555,19343,03/01/2021,1.8.1,SP21
1556,62783,03/01/2021,1.8.1,SP21
1557,83943,03/01/2021,1.8.1,SP21
1558,14772,03/01/2021,1.8.1,SP21
1559,38687,03/01/2021,1.8.1,SP21
1560,17830,03/01/2021,1.8.1,SP21
1561,31085,03/01/2021,1.8.1,SP21
1562,26815,03/01/2021,1.8.1,SP21
1563,46516,03/01/2021,1.8.1,SP21
1564,68658,03/01/2021,1.8.1,SP21
1565,62252,03/01/2021,1.8.1,SP21
1566,88009,03/01/2021,1.8.1,SP21
1567,96431,03/01/2021,1.8.1,SP21
1568,44661,03/01/2021,1.8.1,SP21
1569,97692,03/01/2021,1.8.1,SP21
1570,77508,03/01/2021,1.8.1,SP21
1571,58151,03/01/2021,1.8.1,SP21
1572,57725,03/01/2021,1.8.1,SP21
1573,57894,03/01/2021,1.8.1,SP21
1574,16144,03/01/2021,1.8.1,SP21
1575,32314,03/01/2021,1.8.1,SP21
1576,75683,03/01/2021,1.8.1,SP21
1577,13358,03/01/2021,1.8.1,SP21
1578,78555,03/01/2021,1.8.1,SP21
1579,98626,03/01/2021,1.8.1,SP21
1580,30193,03/01/2021,1.8.1,SP21
1581,67424,03/01/2021,1.8.1,SP21
1582,40230,03/01/2021,1.8.1,SP21
1583,80334,03/01/2021,1.8.1,SP21
1584,46912,03/01/2021,1.8.1,SP21
1585,53854,03/01/2021,1.8.1,SP21
1586,66810,03/01/2021,1.8.1,SP21
1587,52882,03/01/2021,1.8.1,SP21
1588,60320,03/01/2021,1.8.1,SP21
1589,96596,03/01/2021,1.8.1,SP21
1590,77328,03/01/2021,1.8.1,SP21
1591,50867,03/01/2021,1.8.1,SP21
1592,65004,03/01/2021,1.8.1,SP21
1593,65544,03/01/2021,1.8.1,SP21
1594,37786,03/01/2021,1.8.1,SP21
1595,58850,03/01/2021,1.8.1,SP21
1596,74608,03/01/2021,1.8.1,SP21
1597,15531,03/01/2021,1.8.1,SP21
1598,36834,03/01/2021,1.8.1,SP21
1599,34064,03/01/2021,1.8.1,SP21
1600,41981,03/01/2021,1.8.1,SP21
1601,60018,03/01/2021,1.8.1,SP21
1602,99444,03/01/2021,1.8.1,SP21
1603,42371,03/01/2021,1.8.1,SP21
1604,50542,03/01/2021,1.8.1,SP21
1605,69434,03/01/2021,1.8.1,SP21
1606,16330,03/01/2021,1.8.1,SP21
1607,95538,10/07/2021,1.8.1,F21
1608,90795,10/07/2021,1.8.1,F21
1609,80726,10/07/2021,1.8.1,F21
1610,93871,10/07/2021,1.8.1,F21
1611,60320,10/07/2021,1.8.1,F21
1612,82536,10/07/2021,1.8.1,F21
1613,31208,10/07/2021,1.8.1,F21
1614,20020,10/07/2021,1.8.1,F21
1615,80427,10/07/2021,1.8.1,F21
1616,96812,10/07/2021,1.8.1,F21
1617,52262,10/07/2021,1.8.1,F21
1618,93570,10/07/2021,1.8.1,F21
1619,30574,10/07/2021,1.8.1,F21
1620,31846,10/07/2021,1.8.1,F21
1621,72329,10/07/2021,1.8.1,F21
1622,87728,10/07/2021,1.8.1,F21
1623,59566,10/07/2021,1.8.1,F21
1624,22902,10/07/2021,1.8.1,F21
1625,27689,10/07/2021,1.8.1,F21
1626,69983,10/07/2021,1.8.1,F21
1627,12461,10/07/2021,1.8.1,F21
1628,93335,10/07/2021,1.8.1,F21
1629,80450,10/07/2021,1.8.1,F21
1630,84281,10/07/2021,1.8.1,F21
1631,75538,10/07/2021,1.8.1,F21
1632,47088,03/02/2021,2.1.1,SP21
1633,29436,03/02/2021,2.1.1,SP21
1634,18832,03/02/2021,2.1.1,SP21
1635,36585,03/02/2021,2.1.1,SP21
1636,98539,03/02/2021,2.1.1,SP21
1637,19343,03/02/2021,2.1.1,SP21
1638,62783,03/02/2021,2.1.1,SP21
1639,83943,03/02/2021,2.1.1,SP21
1640,14772,03/02/2021,2.1.1,SP21
1641,38687,03/02/2021,2.1.1,SP21
1642,17830,03/02/2021,2.1.1,SP21
1643,31085,03/02/2021,2.1.1,SP21
1644,26815,03/02/2021,2.1.1,SP21
1645,46516,03/02/2021,2.1.1,SP21
1646,68658,03/02/2021,2.1.1,SP21
1647,88009,03/02/2021,2.1.1,SP21
1648,96431,03/02/2021,2.1.1,SP21
1649,44661,03/02/2021,2.1.1,SP21
1650,97692,03/02/2021,2.1.1,SP21
1651,77508,03/02/2021,2.1.1,SP21
1652,58151,03/02/2021,2.1.1,SP21
1653,57725,03/02/2021,2.1.1,SP21
1654,57894,03/02/2021,2.1.1,SP21
1655,16144,03/02/2021,2.1.1,SP21
1656,32314,03/02/2021,2.1.1,SP21
1657,75683,03/02/2021,2.1.1,SP21
1658,13358,03/02/2021,2.1.1,SP21
1659,78555,03/02/2021,2.1.1,SP21
1660,98626,03/02/2021,2.1.1,SP21
1661,30193,03/02/2021,2.1.1,SP21
1662,67424,03/02/2021,2.1.1,SP21
1663,40230,03/02/2021,2.1.1,SP21
1664,80334,03/02/2021,2.1.1,SP21
1665,46912,03/02/2021,2.1.1,SP21
1666,53854,03/02/2021,2.1.1,SP21
1667,66810,03/02/2021,2.1.1,SP21
1668,52882,03/02/2021,2.1.1,SP21
1669,96596,03/02/2021,2.1.1,SP21
1670,77328,03/02/2021,2.1.1,SP21
1671,50867,03/02/2021,2.1.1,SP21
1672,65004,03/02/2021,2.1.1,SP21
1673,65544,03/02/2021,2.1.1,SP21
1674,37786,03/02/2021,2.1.1,SP21
1675,58850,03/02/2021,2.1.1,SP21
1676,74608,03/02/2021,2.1.1,SP21
1677,15531,03/02/2021,2.1.1,SP21
1678,22902,03/02/2021,2.1.1,SP21
1679,36834,03/02/2021,2.1.1,SP21
1680,34064,03/02/2021,2.1.1,SP21
1681,41981,03/02/2021,2.1.1,SP21
1682,60018,03/02/2021,2.1.1,SP21
1683,99444,03/02/2021,2.1.1,SP21
1684,42371,03/02/2021,2.1.1,SP21
1685,44913,03/02/2021,2.1.1,SP21
1686,50542,03/02/2021,2.1.1,SP21
1687,69434,03/02/2021,2.1.1,SP21
1688,16330,03/02/2021,2.1.1,SP21
1689,14313,10/08/2021,2.1.1,F21
1690,95538,10/08/2021,2.1.1,F21
1691,90795,10/08/2021,2.1.1,F21
1692,80726,10/08/2021,2.1.1,F21
1693,93871,10/08/2021,2.1.1,F21
1694,60320,10/08/2021,2.1.1,F21
1695,82536,10/08/2021,2.1.1,F21
1696,31208,10/08/2021,2.1.1,F21
1697,20020,10/08/2021,2.1.1,F21
1698,52262,10/08/2021,2.1.1,F21
1699,93570,10/08/2021,2.1.1,F21
1700,30574,10/08/2021,2.1.1,F21
1701,31846,10/08/2021,2.1.1,F21
1702,72329,10/08/2021,2.1.1,F21
1703,87728,10/08/2021,2.1.1,F21
1704,59566,10/08/2021,2.1.1,F21
1705,22902,10/08/2021,2.1.1,F21
1706,27689,10/08/2021,2.1.1,F21
1707,69983,10/08/2021,2.1.1,F21
1708,12461,10/08/2021,2.1.1,F21
1709,80450,10/08/2021,2.1.1,F21
1710,84281,10/08/2021,2.1.1,F21
1711,48825,10/08/2021,2.1.1,F21
1712,47088,03/05/2021,2.2.1,SP21
1713,29436,03/05/2021,2.2.1,SP21
1714,18832,03/05/2021,2.2.1,SP21
1715,36585,03/05/2021,2.2.1,SP21
1716,98539,03/05/2021,2.2.1,SP21
1717,19343,03/05/2021,2.2.1,SP21
1718,62783,03/05/2021,2.2.1,SP21
1719,83943,03/05/2021,2.2.1,SP21
1720,14772,03/05/2021,2.2.1,SP21
1721,38687,03/05/2021,2.2.1,SP21
1722,17830,03/05/2021,2.2.1,SP21
1723,31085,03/05/2021,2.2.1,SP21
1724,26815,03/05/2021,2.2.1,SP21
1725,68658,03/05/2021,2.2.1,SP21
1726,88009,03/05/2021,2.2.1,SP21
1727,96431,03/05/2021,2.2.1,SP21
1728,44661,03/05/2021,2.2.1,SP21
1729,97692,03/05/2021,2.2.1,SP21
1730,77508,03/05/2021,2.2.1,SP21
1731,58151,03/05/2021,2.2.1,SP21
1732,57725,03/05/2021,2.2.1,SP21
1733,16144,03/05/2021,2.2.1,SP21
1734,32314,03/05/2021,2.2.1,SP21
1735,75683,03/05/2021,2.2.1,SP21
1736,13358,03/05/2021,2.2.1,SP21
1737,78555,03/05/2021,2.2.1,SP21
1738,98626,03/05/2021,2.2.1,SP21
1739,30193,03/05/2021,2.2.1,SP21
1740,67424,03/05/2021,2.2.1,SP21
1741,40230,03/05/2021,2.2.1,SP21
1742,80334,03/05/2021,2.2.1,SP21
1743,46912,03/05/2021,2.2.1,SP21
1744,53854,03/05/2021,2.2.1,SP21
1745,66810,03/05/2021,2.2.1,SP21
1746,52882,03/05/2021,2.2.1,SP21
1747,96596,03/05/2021,2.2.1,SP21
1748,77328,03/05/2021,2.2.1,SP21
1749,50867,03/05/2021,2.2.1,SP21
1750,37786,03/05/2021,2.2.1,SP21
1751,58850,03/05/2021,2.2.1,SP21
1752,74608,03/05/2021,2.2.1,SP21
1753,15531,03/05/2021,2.2.1,SP21
1754,36834,03/05/2021,2.2.1,SP21
1755,34064,03/05/2021,2.2.1,SP21
1756,41981,03/05/2021,2.2.1,SP21
1757,60018,03/05/2021,2.2.1,SP21
1758,99444,03/05/2021,2.2.1,SP21
1759,42371,03/05/2021,2.2.1,SP21
1760,44913,03/05/2021,2.2.1,SP21
1761,50542,03/05/2021,2.2.1,SP21
1762,69434,03/05/2021,2.2.1,SP21
1763,16330,03/05/2021,2.2.1,SP21
1764,14313,10/12/2021,2.2.1,F21
1765,95538,10/12/2021,2.2.1,F21
1766,90795,10/12/2021,2.2.1,F21
1767,80726,10/12/2021,2.2.1,F21
1768,93871,10/12/2021,2.2.1,F21
1769,60320,10/12/2021,2.2.1,F21
1770,82536,10/12/2021,2.2.1,F21
1771,31208,10/12/2021,2.2.1,F21
1772,88774,10/12/2021,2.2.1,F21
1773,20020,10/12/2021,2.2.1,F21
1774,52262,10/12/2021,2.2.1,F21
1775,93570,10/12/2021,2.2.1,F21
1776,30574,10/12/2021,2.2.1,F21
1777,31846,10/12/2021,2.2.1,F21
1778,87728,10/12/2021,2.2.1,F21
1779,59566,10/12/2021,2.2.1,F21
1780,22902,10/12/2021,2.2.1,F21
1781,27689,10/12/2021,2.2.1,F21
1782,69983,10/12/2021,2.2.1,F21
1783,12461,10/12/2021,2.2.1,F21
1784,93335,10/12/2021,2.2.1,F21
1785,80450,10/12/2021,2.2.1,F21
1786,84281,10/12/2021,2.2.1,F21
1787,48825,10/12/2021,2.2.1,F21
1788,47088,03/11/2021,2.3.1,SP21
1789,29436,03/11/2021,2.3.1,SP21
1790,18832,03/11/2021,2.3.1,SP21
1791,36585,03/11/2021,2.3.1,SP21
1792,98539,03/11/2021,2.3.1,SP21
1793,19343,03/11/2021,2.3.1,SP21
1794,62783,03/11/2021,2.3.1,SP21
1795,83943,03/11/2021,2.3.1,SP21
1796,14772,03/11/2021,2.3.1,SP21
1797,38687,03/11/2021,2.3.1,SP21
1798,17830,03/11/2021,2.3.1,SP21
1799,31085,03/11/2021,2.3.1,SP21
1800,26815,03/11/2021,2.3.1,SP21
1801,46516,03/11/2021,2.3.1,SP21
1802,68658,03/11/2021,2.3.1,SP21
1803,62252,03/11/2021,2.3.1,SP21
1804,88009,03/11/2021,2.3.1,SP21
1805,96431,03/11/2021,2.3.1,SP21
1806,44661,03/11/2021,2.3.1,SP21
1807,97692,03/11/2021,2.3.1,SP21
1808,77508,03/11/2021,2.3.1,SP21
1809,57725,03/11/2021,2.3.1,SP21
1810,57894,03/11/2021,2.3.1,SP21
1811,16144,03/11/2021,2.3.1,SP21
1812,32314,03/11/2021,2.3.1,SP21
1813,75683,03/11/2021,2.3.1,SP21
1814,13358,03/11/2021,2.3.1,SP21
1815,78555,03/11/2021,2.3.1,SP21
1816,98626,03/11/2021,2.3.1,SP21
1817,30193,03/11/2021,2.3.1,SP21
1818,67424,03/11/2021,2.3.1,SP21
1819,40230,03/11/2021,2.3.1,SP21
1820,80334,03/11/2021,2.3.1,SP21
1821,46912,03/11/2021,2.3.1,SP21
1822,53854,03/11/2021,2.3.1,SP21
1823,66810,03/11/2021,2.3.1,SP21
1824,52882,03/11/2021,2.3.1,SP21
1825,96596,03/11/2021,2.3.1,SP21
1826,77328,03/11/2021,2.3.1,SP21
1827,50867,03/11/2021,2.3.1,SP21
1828,65004,03/11/2021,2.3.1,SP21
1829,65544,03/11/2021,2.3.1,SP21
1830,58850,03/11/2021,2.3.1,SP21
1831,74608,03/11/2021,2.3.1,SP21
1832,15531,03/11/2021,2.3.1,SP21
1833,22902,03/11/2021,2.3.1,SP21
1834,36834,03/11/2021,2.3.1,SP21
1835,34064,03/11/2021,2.3.1,SP21
1836,41981,03/11/2021,2.3.1,SP21
1837,60018,03/11/2021,2.3.1,SP21
1838,99444,03/11/2021,2.3.1,SP21
1839,42371,03/11/2021,2.3.1,SP21
1840,50542,03/11/2021,2.3.1,SP21
1841,69434,03/11/2021,2.3.1,SP21
1842,16330,03/11/2021,2.3.1,SP21
1843,14313,10/14/2021,2.3.1,F21
1844,95538,10/14/2021,2.3.1,F21
1845,90795,10/14/2021,2.3.1,F21
1846,80726,10/14/2021,2.3.1,F21
1847,93871,10/14/2021,2.3.1,F21
1848,60320,10/14/2021,2.3.1,F21
1849,82536,10/14/2021,2.3.1,F21
1850,31208,10/14/2021,2.3.1,F21
1851,88774,10/14/2021,2.3.1,F21
1852,20020,10/14/2021,2.3.1,F21
1853,80427,10/14/2021,2.3.1,F21
1854,52262,10/14/2021,2.3.1,F21
1855,93570,10/14/2021,2.3.1,F21
1856,30574,10/14/2021,2.3.1,F21
1857,31846,10/14/2021,2.3.1,F21
1858,72329,10/14/2021,2.3.1,F21
1859,87728,10/14/2021,2.3.1,F21
1860,59566,10/14/2021,2.3.1,F21
1861,22902,10/14/2021,2.3.1,F21
1862,27689,10/14/2021,2.3.1,F21
1863,69983,10/14/2021,2.3.1,F21
1864,12461,10/14/2021,2.3.1,F21
1865,93335,10/14/2021,2.3.1,F21
1866,80450,10/14/2021,2.3.1,F21
1867,84281,10/14/2021,2.3.1,F21
1868,48825,10/14/2021,2.3.1,F21
1869,75538,10/14/2021,2.3.1,F21
1870,47088,03/15/2021,2.4.1,SP21
1871,29436,03/15/2021,2.4.1,SP21
1872,18832,03/15/2021,2.4.1,SP21
1873,36585,03/15/2021,2.4.1,SP21
1874,98539,03/15/2021,2.4.1,SP21
1875,19343,03/15/2021,2.4.1,SP21
1876,62783,03/15/2021,2.4.1,SP21
1877,83943,03/15/2021,2.4.1,SP21
1878,14772,03/15/2021,2.4.1,SP21
1879,38687,03/15/2021,2.4.1,SP21
1880,17830,03/15/2021,2.4.1,SP21
1881,31085,03/15/2021,2.4.1,SP21
1882,26815,03/15/2021,2.4.1,SP21
1883,46516,03/15/2021,2.4.1,SP21
1884,68658,03/15/2021,2.4.1,SP21
1885,62252,03/15/2021,2.4.1,SP21
1886,88009,03/15/2021,2.4.1,SP21
1887,96431,03/15/2021,2.4.1,SP21
1888,44661,03/15/2021,2.4.1,SP21
1889,97692,03/15/2021,2.4.1,SP21
1890,77508,03/15/2021,2.4.1,SP21
1891,58151,03/15/2021,2.4.1,SP21
1892,57725,03/15/2021,2.4.1,SP21
1893,16144,03/15/2021,2.4.1,SP21
1894,32314,03/15/2021,2.4.1,SP21
1895,75683,03/15/2021,2.4.1,SP21
1896,13358,03/15/2021,2.4.1,SP21
1897,78555,03/15/2021,2.4.1,SP21
1898,98626,03/15/2021,2.4.1,SP21
1899,30193,03/15/2021,2.4.1,SP21
1900,67424,03/15/2021,2.4.1,SP21
1901,40230,03/15/2021,2.4.1,SP21
1902,80334,03/15/2021,2.4.1,SP21
1903,46912,03/15/2021,2.4.1,SP21
1904,53854,03/15/2021,2.4.1,SP21
1905,66810,03/15/2021,2.4.1,SP21
1906,52882,03/15/2021,2.4.1,SP21
1907,96596,03/15/2021,2.4.1,SP21
1908,77328,03/15/2021,2.4.1,SP21
1909,50867,03/15/2021,2.4.1,SP21
1910,65004,03/15/2021,2.4.1,SP21
1911,58850,03/15/2021,2.4.1,SP21
1912,74608,03/15/2021,2.4.1,SP21
1913,15531,03/15/2021,2.4.1,SP21
1914,22902,03/15/2021,2.4.1,SP21
1915,36834,03/15/2021,2.4.1,SP21
1916,41981,03/15/2021,2.4.1,SP21
1917,60018,03/15/2021,2.4.1,SP21
1918,99444,03/15/2021,2.4.1,SP21
1919,42371,03/15/2021,2.4.1,SP21
1920,50542,03/15/2021,2.4.1,SP21
1921,69434,03/15/2021,2.4.1,SP21
1922,16330,03/15/2021,2.4.1,SP21
1923,14313,10/18/2021,2.4.1,F21
1924,95538,10/18/2021,2.4.1,F21
1925,90795,10/18/2021,2.4.1,F21
1926,80726,10/18/2021,2.4.1,F21
1927,93871,10/18/2021,2.4.1,F21
1928,60320,10/18/2021,2.4.1,F21
1929,82536,10/18/2021,2.4.1,F21
1930,31208,10/18/2021,2.4.1,F21
1931,20020,10/18/2021,2.4.1,F21
1932,80427,10/18/2021,2.4.1,F21
1933,52262,10/18/2021,2.4.1,F21
1934,93570,10/18/2021,2.4.1,F21
1935,30574,10/18/2021,2.4.1,F21
1936,31846,10/18/2021,2.4.1,F21
1937,72329,10/18/2021,2.4.1,F21
1938,87728,10/18/2021,2.4.1,F21
1939,59566,10/18/2021,2.4.1,F21
1940,22902,10/18/2021,2.4.1,F21
1941,27689,10/18/2021,2.4.1,F21
1942,69983,10/18/2021,2.4.1,F21
1943,12461,10/18/2021,2.4.1,F21
1944,93335,10/18/2021,2.4.1,F21
1945,80450,10/18/2021,2.4.1,F21
1946,84281,10/18/2021,2.4.1,F21
1947,48825,10/18/2021,2.4.1,F21
1948,75538,10/18/2021,2.4.1,F21
1949,47088,03/16/2021,2.5.1,SP21
1950,29436,03/16/2021,2.5.1,SP21
1951,18832,03/16/2021,2.5.1,SP21
1952,36585,03/16/2021,2.5.1,SP21
1953,98539,03/16/2021,2.5.1,SP21
1954,19343,03/16/2021,2.5.1,SP21
1955,62783,03/16/2021,2.5.1,SP21
1956,83943,03/16/2021,2.5.1,SP21
1957,14772,03/16/2021,2.5.1,SP21
1958,38687,03/16/2021,2.5.1,SP21
1959,17830,03/16/2021,2.5.1,SP21
1960,31085,03/16/2021,2.5.1,SP21
1961,26815,03/16/2021,2.5.1,SP21
1962,68658,03/16/2021,2.5.1,SP21
1963,62252,03/16/2021,2.5.1,SP21
1964,88009,03/16/2021,2.5.1,SP21
1965,96431,03/16/2021,2.5.1,SP21
1966,44661,03/16/2021,2.5.1,SP21
1967,97692,03/16/2021,2.5.1,SP21
1968,77508,03/16/2021,2.5.1,SP21
1969,58151,03/16/2021,2.5.1,SP21
1970,57725,03/16/2021,2.5.1,SP21
1971,57894,03/16/2021,2.5.1,SP21
1972,16144,03/16/2021,2.5.1,SP21
1973,32314,03/16/2021,2.5.1,SP21
1974,75683,03/16/2021,2.5.1,SP21
1975,13358,03/16/2021,2.5.1,SP21
1976,78555,03/16/2021,2.5.1,SP21
1977,98626,03/16/2021,2.5.1,SP21
1978,30193,03/16/2021,2.5.1,SP21
1979,67424,03/16/2021,2.5.1,SP21
1980,40230,03/16/2021,2.5.1,SP21
1981,80334,03/16/2021,2.5.1,SP21
1982,46912,03/16/2021,2.5.1,SP21
1983,53854,03/16/2021,2.5.1,SP21
1984,66810,03/16/2021,2.5.1,SP21
1985,52882,03/16/2021,2.5.1,SP21
1986,96596,03/16/2021,2.5.1,SP21
1987,77328,03/16/2021,2.5.1,SP21
1988,50867,03/16/2021,2.5.1,SP21
1989,65004,03/16/2021,2.5.1,SP21
1990,65544,03/16/2021,2.5.1,SP21
1991,58850,03/16/2021,2.5.1,SP21
1992,74608,03/16/2021,2.5.1,SP21
1993,15531,03/16/2021,2.5.1,SP21
1994,22902,03/16/2021,2.5.1,SP21
1995,36834,03/16/2021,2.5.1,SP21
1996,34064,03/16/2021,2.5.1,SP21
1997,41981,03/16/2021,2.5.1,SP21
1998,60018,03/16/2021,2.5.1,SP21
1999,99444,03/16/2021,2.5.1,SP21
2000,42371,03/16/2021,2.5.1,SP21
2001,44913,03/16/2021,2.5.1,SP21
2002,50542,03/16/2021,2.5.1,SP21
2003,69434,03/16/2021,2.5.1,SP21
2004,16330,03/16/2021,2.5.1,SP21
2005,14313,10/19/2021,2.5.1,F21
2006,95538,10/19/2021,2.5.1,F21
2007,90795,10/19/2021,2.5.1,F21
2008,80726,10/19/2021,2.5.1,F21
2009,93871,10/19/2021,2.5.1,F21
2010,60320,10/19/2021,2.5.1,F21
2011,82536,10/19/2021,2.5.1,F21
2012,31208,10/19/2021,2.5.1,F21
2013,88774,10/19/2021,2.5.1,F21
2014,20020,10/19/2021,2.5.1,F21
2015,52262,10/19/2021,2.5.1,F21
2016,93570,10/19/2021,2.5.1,F21
2017,30574,10/19/2021,2.5.1,F21
2018,31846,10/19/2021,2.5.1,F21
2019,72329,10/19/2021,2.5.1,F21
2020,87728,10/19/2021,2.5.1,F21
2021,59566,10/19/2021,2.5.1,F21
2022,22902,10/19/2021,2.5.1,F21
2023,27689,10/19/2021,2.5.1,F21
2024,69983,10/19/2021,2.5.1,F21
2025,12461,10/19/2021,2.5.1,F21
2026,93335,10/19/2021,2.5.1,F21
2027,80450,10/19/2021,2.5.1,F21
2028,84281,10/19/2021,2.5.1,F21
2029,48825,10/19/2021,2.5.1,F21
2030,75538,10/19/2021,2.5.1,F21
2031,47088,03/19/2021,2.6.1,SP21
2032,29436,03/19/2021,2.6.1,SP21
2033,36585,03/19/2021,2.6.1,SP21
2034,98539,03/19/2021,2.6.1,SP21
2035,19343,03/19/2021,2.6.1,SP21
2036,62783,03/19/2021,2.6.1,SP21
2037,83943,03/19/2021,2.6.1,SP21
2038,14772,03/19/2021,2.6.1,SP21
2039,38687,03/19/2021,2.6.1,SP21
2040,17830,03/19/2021,2.6.1,SP21
2041,31085,03/19/2021,2.6.1,SP21
2042,26815,03/19/2021,2.6.1,SP21
2043,46516,03/19/2021,2.6.1,SP21
2044,68658,03/19/2021,2.6.1,SP21
2045,88009,03/19/2021,2.6.1,SP21
2046,96431,03/19/2021,2.6.1,SP21
2047,44661,03/19/2021,2.6.1,SP21
2048,97692,03/19/2021,2.6.1,SP21
2049,77508,03/19/2021,2.6.1,SP21
2050,58151,03/19/2021,2.6.1,SP21
2051,57725,03/19/2021,2.6.1,SP21
2052,57894,03/19/2021,2.6.1,SP21
2053,16144,03/19/2021,2.6.1,SP21
2054,32314,03/19/2021,2.6.1,SP21
2055,75683,03/19/2021,2.6.1,SP21
2056,13358,03/19/2021,2.6.1,SP21
2057,78555,03/19/2021,2.6.1,SP21
2058,98626,03/19/2021,2.6.1,SP21
2059,30193,03/19/2021,2.6.1,SP21
2060,67424,03/19/2021,2.6.1,SP21
2061,40230,03/19/2021,2.6.1,SP21
2062,80334,03/19/2021,2.6.1,SP21
2063,46912,03/19/2021,2.6.1,SP21
2064,53854,03/19/2021,2.6.1,SP21
2065,66810,03/19/2021,2.6.1,SP21
2066,52882,03/19/2021,2.6.1,SP21
2067,96596,03/19/2021,2.6.1,SP21
2068,77328,03/19/2021,2.6.1,SP21
2069,50867,03/19/2021,2.6.1,SP21
2070,65004,03/19/2021,2.6.1,SP21
2071,65544,03/19/2021,2.6.1,SP21
2072,37786,03/19/2021,2.6.1,SP21
2073,58850,03/19/2021,2.6.1,SP21
2074,74608,03/19/2021,2.6.1,SP21
2075,15531,03/19/2021,2.6.1,SP21
2076,22902,03/19/2021,2.6.1,SP21
2077,36834,03/19/2021,2.6.1,SP21
2078,34064,03/19/2021,2.6.1,SP21
2079,41981,03/19/2021,2.6.1,SP21
2080,60018,03/19/2021,2.6.1,SP21
2081,99444,03/19/2021,2.6.1,SP21
2082,42371,03/19/2021,2.6.1,SP21
2083,50542,03/19/2021,2.6.1,SP21
2084,69434,03/19/2021,2.6.1,SP21
2085,16330,03/19/2021,2.6.1,SP21
2086,14313,10/22/2021,2.6.1,F21
2087,95538,10/22/2021,2.6.1,F21
2088,90795,10/22/2021,2.6.1,F21
2089,80726,10/22/2021,2.6.1,F21
2090,93871,10/22/2021,2.6.1,F21
2091,60320,10/22/2021,2.6.1,F21
2092,82536,10/22/2021,2.6.1,F21
2093,31208,10/22/2021,2.6.1,F21
2094,88774,10/22/2021,2.6.1,F21
2095,20020,10/22/2021,2.6.1,F21
2096,80427,10/22/2021,2.6.1,F21
2097,96812,10/22/2021,2.6.1,F21
2098,52262,10/22/2021,2.6.1,F21
2099,93570,10/22/2021,2.6.1,F21
2100,30574,10/22/2021,2.6.1,F21
2101,31846,10/22/2021,2.6.1,F21
2102,72329,10/22/2021,2.6.1,F21
2103,87728,10/22/2021,2.6.1,F21
2104,59566,10/22/2021,2.6.1,F21
2105,22902,10/22/2021,2.6.1,F21
2106,27689,10/22/2021,2.6.1,F21
2107,69983,10/22/2021,2.6.1,F21
2108,12461,10/22/2021,2.6.1,F21
2109,93335,10/22/2021,2.6.1,F21
2110,80450,10/22/2021,2.6.1,F21
2111,84281,10/22/2021,2.6.1,F21
2112,48825,10/22/2021,2.6.1,F21
2113,75538,10/22/2021,2.6.1,F21
2114,47088,03/23/2021,2.7.1,SP21
2115,29436,03/23/2021,2.7.1,SP21
2116,18832,03/23/2021,2.7.1,SP21
2117,36585,03/23/2021,2.7.1,SP21
2118,98539,03/23/2021,2.7.1,SP21
2119,19343,03/23/2021,2.7.1,SP21
2120,62783,03/23/2021,2.7.1,SP21
2121,83943,03/23/2021,2.7.1,SP21
2122,14772,03/23/2021,2.7.1,SP21
2123,38687,03/23/2021,2.7.1,SP21
2124,17830,03/23/2021,2.7.1,SP21
2125,31085,03/23/2021,2.7.1,SP21
2126,26815,03/23/2021,2.7.1,SP21
2127,68658,03/23/2021,2.7.1,SP21
2128,62252,03/23/2021,2.7.1,SP21
2129,88009,03/23/2021,2.7.1,SP21
2130,96431,03/23/2021,2.7.1,SP21
2131,44661,03/23/2021,2.7.1,SP21
2132,97692,03/23/2021,2.7.1,SP21
2133,77508,03/23/2021,2.7.1,SP21
2134,58151,03/23/2021,2.7.1,SP21
2135,57725,03/23/2021,2.7.1,SP21
2136,57894,03/23/2021,2.7.1,SP21
2137,16144,03/23/2021,2.7.1,SP21
2138,32314,03/23/2021,2.7.1,SP21
2139,75683,03/23/2021,2.7.1,SP21
2140,13358,03/23/2021,2.7.1,SP21
2141,78555,03/23/2021,2.7.1,SP21
2142,98626,03/23/2021,2.7.1,SP21
2143,30193,03/23/2021,2.7.1,SP21
2144,67424,03/23/2021,2.7.1,SP21
2145,40230,03/23/2021,2.7.1,SP21
2146,80334,03/23/2021,2.7.1,SP21
2147,46912,03/23/2021,2.7.1,SP21
2148,53854,03/23/2021,2.7.1,SP21
2149,66810,03/23/2021,2.7.1,SP21
2150,52882,03/23/2021,2.7.1,SP21
2151,96596,03/23/2021,2.7.1,SP21
2152,77328,03/23/2021,2.7.1,SP21
2153,50867,03/23/2021,2.7.1,SP21
2154,65004,03/23/2021,2.7.1,SP21
2155,65544,03/23/2021,2.7.1,SP21
2156,37786,03/23/2021,2.7.1,SP21
2157,58850,03/23/2021,2.7.1,SP21
2158,74608,03/23/2021,2.7.1,SP21
2159,15531,03/23/2021,2.7.1,SP21
2160,22902,03/23/2021,2.7.1,SP21
2161,36834,03/23/2021,2.7.1,SP21
2162,34064,03/23/2021,2.7.1,SP21
2163,41981,03/23/2021,2.7.1,SP21
2164,60018,03/23/2021,2.7.1,SP21
2165,99444,03/23/2021,2.7.1,SP21
2166,42371,03/23/2021,2.7.1,SP21
2167,44913,03/23/2021,2.7.1,SP21
2168,50542,03/23/2021,2.7.1,SP21
2169,69434,03/23/2021,2.7.1,SP21
2170,16330,03/23/2021,2.7.1,SP21
2171,14313,10/29/2021,2.7.1,F21
2172,95538,10/29/2021,2.7.1,F21
2173,90795,10/29/2021,2.7.1,F21
2174,80726,10/29/2021,2.7.1,F21
2175,93871,10/29/2021,2.7.1,F21
2176,60320,10/29/2021,2.7.1,F21
2177,82536,10/29/2021,2.7.1,F21
2178,31208,10/29/2021,2.7.1,F21
2179,88774,10/29/2021,2.7.1,F21
2180,20020,10/29/2021,2.7.1,F21
2181,80427,10/29/2021,2.7.1,F21
2182,96812,10/29/2021,2.7.1,F21
2183,52262,10/29/2021,2.7.1,F21
2184,93570,10/29/2021,2.7.1,F21
2185,30574,10/29/2021,2.7.1,F21
2186,31846,10/29/2021,2.7.1,F21
2187,72329,10/29/2021,2.7.1,F21
2188,87728,10/29/2021,2.7.1,F21
2189,59566,10/29/2021,2.7.1,F21
2190,22902,10/29/2021,2.7.1,F21
2191,27689,10/29/2021,2.7.1,F21
2192,69983,10/29/2021,2.7.1,F21
2193,12461,10/29/2021,2.7.1,F21
2194,93335,10/29/2021,2.7.1,F21
2195,80450,10/29/2021,2.7.1,F21
2196,75538,10/29/2021,2.7.1,F21
2197,47088,03/26/2021,2.8.1,SP21
2198,29436,03/26/2021,2.8.1,SP21
2199,36585,03/26/2021,2.8.1,SP21
2200,98539,03/26/2021,2.8.1,SP21
2201,19343,03/26/2021,2.8.1,SP21
2202,62783,03/26/2021,2.8.1,SP21
2203,83943,03/26/2021,2.8.1,SP21
2204,14772,03/26/2021,2.8.1,SP21
2205,38687,03/26/2021,2.8.1,SP21
2206,17830,03/26/2021,2.8.1,SP21
2207,31085,03/26/2021,2.8.1,SP21
2208,26815,03/26/2021,2.8.1,SP21
2209,46516,03/26/2021,2.8.1,SP21
2210,68658,03/26/2021,2.8.1,SP21
2211,88009,03/26/2021,2.8.1,SP21
2212,96431,03/26/2021,2.8.1,SP21
2213,44661,03/26/2021,2.8.1,SP21
2214,97692,03/26/2021,2.8.1,SP21
2215,77508,03/26/2021,2.8.1,SP21
2216,58151,03/26/2021,2.8.1,SP21
2217,57725,03/26/2021,2.8.1,SP21
2218,57894,03/26/2021,2.8.1,SP21
2219,16144,03/26/2021,2.8.1,SP21
2220,32314,03/26/2021,2.8.1,SP21
2221,75683,03/26/2021,2.8.1,SP21
2222,13358,03/26/2021,2.8.1,SP21
2223,78555,03/26/2021,2.8.1,SP21
2224,98626,03/26/2021,2.8.1,SP21
2225,30193,03/26/2021,2.8.1,SP21
2226,67424,03/26/2021,2.8.1,SP21
2227,40230,03/26/2021,2.8.1,SP21
2228,80334,03/26/2021,2.8.1,SP21
2229,46912,03/26/2021,2.8.1,SP21
2230,53854,03/26/2021,2.8.1,SP21
2231,66810,03/26/2021,2.8.1,SP21
2232,52882,03/26/2021,2.8.1,SP21
2233,96596,03/26/2021,2.8.1,SP21
2234,77328,03/26/2021,2.8.1,SP21
2235,50867,03/26/2021,2.8.1,SP21
2236,65004,03/26/2021,2.8.1,SP21
2237,65544,03/26/2021,2.8.1,SP21
2238,37786,03/26/2021,2.8.1,SP21
2239,58850,03/26/2021,2.8.1,SP21
2240,74608,03/26/2021,2.8.1,SP21
2241,15531,03/26/2021,2.8.1,SP21
2242,36834,03/26/2021,2.8.1,SP21
2243,34064,03/26/2021,2.8.1,SP21
2244,41981,03/26/2021,2.8.1,SP21
2245,60018,03/26/2021,2.8.1,SP21
2246,99444,03/26/2021,2.8.1,SP21
2247,42371,03/26/2021,2.8.1,SP21
2248,44913,03/26/2021,2.8.1,SP21
2249,50542,03/26/2021,2.8.1,SP21
2250,69434,03/26/2021,2.8.1,SP21
2251,16330,03/26/2021,2.8.1,SP21
2252,14313,11/02/2021,2.8.1,F21
2253,95538,11/02/2021,2.8.1,F21
2254,90795,11/02/2021,2.8.1,F21
2255,80726,11/02/2021,2.8.1,F21
2256,93871,11/02/2021,2.8.1,F21
2257,60320,11/02/2021,2.8.1,F21
2258,82536,11/02/2021,2.8.1,F21
2259,31208,11/02/2021,2.8.1,F21
2260,88774,11/02/2021,2.8.1,F21
2261,20020,11/02/2021,2.8.1,F21
2262,80427,11/02/2021,2.8.1,F21
2263,96812,11/02/2021,2.8.1,F21
2264,52262,11/02/2021,2.8.1,F21
2265,93570,11/02/2021,2.8.1,F21
2266,30574,11/02/2021,2.8.1,F21
2267,31846,11/02/2021,2.8.1,F21
2268,72329,11/02/2021,2.8.1,F21
2269,87728,11/02/2021,2.8.1,F21
2270,59566,11/02/2021,2.8.1,F21
2271,22902,11/02/2021,2.8.1,F21
2272,27689,11/02/2021,2.8.1,F21
2273,69983,11/02/2021,2.8.1,F21
2274,12461,11/02/2021,2.8.1,F21
2275,80450,11/02/2021,2.8.1,F21
2276,84281,11/02/2021,2.8.1,F21
2277,48825,11/02/2021,2.8.1,F21
2278,75538,11/02/2021,2.8.1,F21
2279,47088,03/30/2021,3.1.1,SP21
2280,29436,03/30/2021,3.1.1,SP21
2281,18832,03/30/2021,3.1.1,SP21
2282,36585,03/30/2021,3.1.1,SP21
2283,98539,03/30/2021,3.1.1,SP21
2284,19343,03/30/2021,3.1.1,SP21
2285,62783,03/30/2021,3.1.1,SP21
2286,83943,03/30/2021,3.1.1,SP21
2287,14772,03/30/2021,3.1.1,SP21
2288,38687,03/30/2021,3.1.1,SP21
2289,17830,03/30/2021,3.1.1,SP21
2290,31085,03/30/2021,3.1.1,SP21
2291,26815,03/30/2021,3.1.1,SP21
2292,46516,03/30/2021,3.1.1,SP21
2293,68658,03/30/2021,3.1.1,SP21
2294,62252,03/30/2021,3.1.1,SP21
2295,88009,03/30/2021,3.1.1,SP21
2296,96431,03/30/2021,3.1.1,SP21
2297,44661,03/30/2021,3.1.1,SP21
2298,97692,03/30/2021,3.1.1,SP21
2299,77508,03/30/2021,3.1.1,SP21
2300,58151,03/30/2021,3.1.1,SP21
2301,57725,03/30/2021,3.1.1,SP21
2302,57894,03/30/2021,3.1.1,SP21
2303,16144,03/30/2021,3.1.1,SP21
2304,32314,03/30/2021,3.1.1,SP21
2305,75683,03/30/2021,3.1.1,SP21
2306,13358,03/30/2021,3.1.1,SP21
2307,78555,03/30/2021,3.1.1,SP21
2308,98626,03/30/2021,3.1.1,SP21
2309,30193,03/30/2021,3.1.1,SP21
2310,67424,03/30/2021,3.1.1,SP21
2311,40230,03/30/2021,3.1.1,SP21
2312,80334,03/30/2021,3.1.1,SP21
2313,46912,03/30/2021,3.1.1,SP21
2314,53854,03/30/2021,3.1.1,SP21
2315,66810,03/30/2021,3.1.1,SP21
2316,52882,03/30/2021,3.1.1,SP21
2317,96596,03/30/2021,3.1.1,SP21
2318,50867,03/30/2021,3.1.1,SP21
2319,65004,03/30/2021,3.1.1,SP21
2320,65544,03/30/2021,3.1.1,SP21
2321,37786,03/30/2021,3.1.1,SP21
2322,58850,03/30/2021,3.1.1,SP21
2323,74608,03/30/2021,3.1.1,SP21
2324,15531,03/30/2021,3.1.1,SP21
2325,22902,03/30/2021,3.1.1,SP21
2326,36834,03/30/2021,3.1.1,SP21
2327,34064,03/30/2021,3.1.1,SP21
2328,41981,03/30/2021,3.1.1,SP21
2329,60018,03/30/2021,3.1.1,SP21
2330,99444,03/30/2021,3.1.1,SP21
2331,42371,03/30/2021,3.1.1,SP21
2332,44913,03/30/2021,3.1.1,SP21
2333,50542,03/30/2021,3.1.1,SP21
2334,69434,03/30/2021,3.1.1,SP21
2335,16330,03/30/2021,3.1.1,SP21
2336,95538,11/05/2021,3.1.1,F21
2337,90795,11/05/2021,3.1.1,F21
2338,80726,11/05/2021,3.1.1,F21
2339,93871,11/05/2021,3.1.1,F21
2340,60320,11/05/2021,3.1.1,F21
2341,82536,11/05/2021,3.1.1,F21
2342,31208,11/05/2021,3.1.1,F21
2343,88774,11/05/2021,3.1.1,F21
2344,20020,11/05/2021,3.1.1,F21
2345,80427,11/05/2021,3.1.1,F21
2346,96812,11/05/2021,3.1.1,F21
2347,52262,11/05/2021,3.1.1,F21
2348,93570,11/05/2021,3.1.1,F21
2349,30574,11/05/2021,3.1.1,F21
2350,31846,11/05/2021,3.1.1,F21
2351,72329,11/05/2021,3.1.1,F21
2352,87728,11/05/2021,3.1.1,F21
2353,59566,11/05/2021,3.1.1,F21
2354,22902,11/05/2021,3.1.1,F21
2355,27689,11/05/2021,3.1.1,F21
2356,69983,11/05/2021,3.1.1,F21
2357,12461,11/05/2021,3.1.1,F21
2358,93335,11/05/2021,3.1.1,F21
2359,80450,11/05/2021,3.1.1,F21
2360,84281,11/05/2021,3.1.1,F21
2361,75538,11/05/2021,3.1.1,F21
2362,47088,04/05/2021,3.2.1,SP21
2363,29436,04/05/2021,3.2.1,SP21
2364,18832,04/05/2021,3.2.1,SP21
2365,36585,04/05/2021,3.2.1,SP21
2366,98539,04/05/2021,3.2.1,SP21
2367,19343,04/05/2021,3.2.1,SP21
2368,62783,04/05/2021,3.2.1,SP21
2369,83943,04/05/2021,3.2.1,SP21
2370,14772,04/05/2021,3.2.1,SP21
2371,38687,04/05/2021,3.2.1,SP21
2372,17830,04/05/2021,3.2.1,SP21
2373,31085,04/05/2021,3.2.1,SP21
2374,26815,04/05/2021,3.2.1,SP21
2375,46516,04/05/2021,3.2.1,SP21
2376,68658,04/05/2021,3.2.1,SP21
2377,62252,04/05/2021,3.2.1,SP21
2378,88009,04/05/2021,3.2.1,SP21
2379,96431,04/05/2021,3.2.1,SP21
2380,44661,04/05/2021,3.2.1,SP21
2381,97692,04/05/2021,3.2.1,SP21
2382,77508,04/05/2021,3.2.1,SP21
2383,58151,04/05/2021,3.2.1,SP21
2384,57725,04/05/2021,3.2.1,SP21
2385,16144,04/05/2021,3.2.1,SP21
2386,75683,04/05/2021,3.2.1,SP21
2387,13358,04/05/2021,3.2.1,SP21
2388,78555,04/05/2021,3.2.1,SP21
2389,98626,04/05/2021,3.2.1,SP21
2390,30193,04/05/2021,3.2.1,SP21
2391,67424,04/05/2021,3.2.1,SP21
2392,40230,04/05/2021,3.2.1,SP21
2393,80334,04/05/2021,3.2.1,SP21
2394,46912,04/05/2021,3.2.1,SP21
2395,53854,04/05/2021,3.2.1,SP21
2396,66810,04/05/2021,3.2.1,SP21
2397,52882,04/05/2021,3.2.1,SP21
2398,96596,04/05/2021,3.2.1,SP21
2399,77328,04/05/2021,3.2.1,SP21
2400,50867,04/05/2021,3.2.1,SP21
2401,65004,04/05/2021,3.2.1,SP21
2402,65544,04/05/2021,3.2.1,SP21
2403,37786,04/05/2021,3.2.1,SP21
2404,58850,04/05/2021,3.2.1,SP21
2405,74608,04/05/2021,3.2.1,SP21
2406,36834,04/05/2021,3.2.1,SP21
2407,34064,04/05/2021,3.2.1,SP21
2408,41981,04/05/2021,3.2.1,SP21
2409,60018,04/05/2021,3.2.1,SP21
2410,42371,04/05/2021,3.2.1,SP21
2411,50542,04/05/2021,3.2.1,SP21
2412,69434,04/05/2021,3.2.1,SP21
2413,16330,04/05/2021,3.2.1,SP21
2414,14313,11/09/2021,3.2.1,F21
2415,95538,11/09/2021,3.2.1,F21
2416,90795,11/09/2021,3.2.1,F21
2417,80726,11/09/2021,3.2.1,F21
2418,93871,11/09/2021,3.2.1,F21
2419,60320,11/09/2021,3.2.1,F21
2420,82536,11/09/2021,3.2.1,F21
2421,31208,11/09/2021,3.2.1,F21
2422,88774,11/09/2021,3.2.1,F21
2423,20020,11/09/2021,3.2.1,F21
2424,80427,11/09/2021,3.2.1,F21
2425,96812,11/09/2021,3.2.1,F21
2426,52262,11/09/2021,3.2.1,F21
2427,93570,11/09/2021,3.2.1,F21
2428,30574,11/09/2021,3.2.1,F21
2429,31846,11/09/2021,3.2.1,F21
2430,72329,11/09/2021,3.2.1,F21
2431,87728,11/09/2021,3.2.1,F21
2432,59566,11/09/2021,3.2.1,F21
2433,22902,11/09/2021,3.2.1,F21
2434,27689,11/09/2021,3.2.1,F21
2435,69983,11/09/2021,3.2.1,F21
2436,12461,11/09/2021,3.2.1,F21
2437,93335,11/09/2021,3.2.1,F21
2438,80450,11/09/2021,3.2.1,F21
2439,84281,11/09/2021,3.2.1,F21
2440,75538,11/09/2021,3.2.1,F21
2441,47088,04/08/2021,3.3.1,SP21
2442,29436,04/08/2021,3.3.1,SP21
2443,18832,04/08/2021,3.3.1,SP21
2444,36585,04/08/2021,3.3.1,SP21
2445,98539,04/08/2021,3.3.1,SP21
2446,19343,04/08/2021,3.3.1,SP21
2447,62783,04/08/2021,3.3.1,SP21
2448,83943,04/08/2021,3.3.1,SP21
2449,14772,04/08/2021,3.3.1,SP21
2450,38687,04/08/2021,3.3.1,SP21
2451,17830,04/08/2021,3.3.1,SP21
2452,31085,04/08/2021,3.3.1,SP21
2453,26815,04/08/2021,3.3.1,SP21
2454,46516,04/08/2021,3.3.1,SP21
2455,68658,04/08/2021,3.3.1,SP21
2456,62252,04/08/2021,3.3.1,SP21
2457,88009,04/08/2021,3.3.1,SP21
2458,96431,04/08/2021,3.3.1,SP21
2459,44661,04/08/2021,3.3.1,SP21
2460,97692,04/08/2021,3.3.1,SP21
2461,77508,04/08/2021,3.3.1,SP21
2462,58151,04/08/2021,3.3.1,SP21
2463,57725,04/08/2021,3.3.1,SP21
2464,57894,04/08/2021,3.3.1,SP21
2465,16144,04/08/2021,3.3.1,SP21
2466,32314,04/08/2021,3.3.1,SP21
2467,75683,04/08/2021,3.3.1,SP21
2468,13358,04/08/2021,3.3.1,SP21
2469,78555,04/08/2021,3.3.1,SP21
2470,98626,04/08/2021,3.3.1,SP21
2471,30193,04/08/2021,3.3.1,SP21
2472,67424,04/08/2021,3.3.1,SP21
2473,40230,04/08/2021,3.3.1,SP21
2474,80334,04/08/2021,3.3.1,SP21
2475,46912,04/08/2021,3.3.1,SP21
2476,53854,04/08/2021,3.3.1,SP21
2477,66810,04/08/2021,3.3.1,SP21
2478,52882,04/08/2021,3.3.1,SP21
2479,96596,04/08/2021,3.3.1,SP21
2480,77328,04/08/2021,3.3.1,SP21
2481,50867,04/08/2021,3.3.1,SP21
2482,65004,04/08/2021,3.3.1,SP21
2483,65544,04/08/2021,3.3.1,SP21
2484,37786,04/08/2021,3.3.1,SP21
2485,74608,04/08/2021,3.3.1,SP21
2486,15531,04/08/2021,3.3.1,SP21
2487,22902,04/08/2021,3.3.1,SP21
2488,36834,04/08/2021,3.3.1,SP21
2489,34064,04/08/2021,3.3.1,SP21
2490,41981,04/08/2021,3.3.1,SP21
2491,60018,04/08/2021,3.3.1,SP21
2492,99444,04/08/2021,3.3.1,SP21
2493,42371,04/08/2021,3.3.1,SP21
2494,50542,04/08/2021,3.3.1,SP21
2495,69434,04/08/2021,3.3.1,SP21
2496,16330,04/08/2021,3.3.1,SP21
2497,14313,11/12/2021,3.3.1,F21
2498,95538,11/12/2021,3.3.1,F21
2499,90795,11/12/2021,3.3.1,F21
2500,80726,11/12/2021,3.3.1,F21
2501,93871,11/12/2021,3.3.1,F21
2502,82536,11/12/2021,3.3.1,F21
2503,31208,11/12/2021,3.3.1,F21
2504,88774,11/12/2021,3.3.1,F21
2505,20020,11/12/2021,3.3.1,F21
2506,80427,11/12/2021,3.3.1,F21
2507,96812,11/12/2021,3.3.1,F21
2508,52262,11/12/2021,3.3.1,F21
2509,93570,11/12/2021,3.3.1,F21
2510,30574,11/12/2021,3.3.1,F21
2511,31846,11/12/2021,3.3.1,F21
2512,72329,11/12/2021,3.3.1,F21
2513,87728,11/12/2021,3.3.1,F21
2514,59566,11/12/2021,3.3.1,F21
2515,22902,11/12/2021,3.3.1,F21
2516,27689,11/12/2021,3.3.1,F21
2517,69983,11/12/2021,3.3.1,F21
2518,12461,11/12/2021,3.3.1,F21
2519,93335,11/12/2021,3.3.1,F21
2520,80450,11/12/2021,3.3.1,F21
2521,84281,11/12/2021,3.3.1,F21
2522,48825,11/12/2021,3.3.1,F21
2523,75538,11/12/2021,3.3.1,F21
2524,29436,04/12/2021,3.4.1,SP21
2525,18832,04/12/2021,3.4.1,SP21
2526,36585,04/12/2021,3.4.1,SP21
2527,98539,04/12/2021,3.4.1,SP21
2528,19343,04/12/2021,3.4.1,SP21
2529,62783,04/12/2021,3.4.1,SP21
2530,83943,04/12/2021,3.4.1,SP21
2531,14772,04/12/2021,3.4.1,SP21
2532,38687,04/12/2021,3.4.1,SP21
2533,17830,04/12/2021,3.4.1,SP21
2534,31085,04/12/2021,3.4.1,SP21
2535,26815,04/12/2021,3.4.1,SP21
2536,46516,04/12/2021,3.4.1,SP21
2537,68658,04/12/2021,3.4.1,SP21
2538,88009,04/12/2021,3.4.1,SP21
2539,96431,04/12/2021,3.4.1,SP21
2540,44661,04/12/2021,3.4.1,SP21
2541,97692,04/12/2021,3.4.1,SP21
2542,77508,04/12/2021,3.4.1,SP21
2543,58151,04/12/2021,3.4.1,SP21
2544,57725,04/12/2021,3.4.1,SP21
2545,57894,04/12/2021,3.4.1,SP21
2546,16144,04/12/2021,3.4.1,SP21
2547,32314,04/12/2021,3.4.1,SP21
2548,75683,04/12/2021,3.4.1,SP21
2549,13358,04/12/2021,3.4.1,SP21
2550,78555,04/12/2021,3.4.1,SP21
2551,98626,04/12/2021,3.4.1,SP21
2552,30193,04/12/2021,3.4.1,SP21
2553,67424,04/12/2021,3.4.1,SP21
2554,40230,04/12/2021,3.4.1,SP21
2555,80334,04/12/2021,3.4.1,SP21
2556,46912,04/12/2021,3.4.1,SP21
2557,53854,04/12/2021,3.4.1,SP21
2558,66810,04/12/2021,3.4.1,SP21
2559,52882,04/12/2021,3.4.1,SP21
2560,96596,04/12/2021,3.4.1,SP21
2561,77328,04/12/2021,3.4.1,SP21
2562,50867,04/12/2021,3.4.1,SP21
2563,65004,04/12/2021,3.4.1,SP21
2564,65544,04/12/2021,3.4.1,SP21
2565,37786,04/12/2021,3.4.1,SP21
2566,58850,04/12/2021,3.4.1,SP21
2567,74608,04/12/2021,3.4.1,SP21
2568,15531,04/12/2021,3.4.1,SP21
2569,36834,04/12/2021,3.4.1,SP21
2570,34064,04/12/2021,3.4.1,SP21
2571,41981,04/12/2021,3.4.1,SP21
2572,60018,04/12/2021,3.4.1,SP21
2573,99444,04/12/2021,3.4.1,SP21
2574,42371,04/12/2021,3.4.1,SP21
2575,50542,04/12/2021,3.4.1,SP21
2576,69434,04/12/2021,3.4.1,SP21
2577,16330,04/12/2021,3.4.1,SP21
2578,14313,11/16/2021,3.4.1,F21
2579,95538,11/16/2021,3.4.1,F21
2580,90795,11/16/2021,3.4.1,F21
2581,80726,11/16/2021,3.4.1,F21
2582,93871,11/16/2021,3.4.1,F21
2583,60320,11/16/2021,3.4.1,F21
2584,82536,11/16/2021,3.4.1,F21
2585,31208,11/16/2021,3.4.1,F21
2586,88774,11/16/2021,3.4.1,F21
2587,20020,11/16/2021,3.4.1,F21
2588,80427,11/16/2021,3.4.1,F21
2589,96812,11/16/2021,3.4.1,F21
2590,52262,11/16/2021,3.4.1,F21
2591,93570,11/16/2021,3.4.1,F21
2592,30574,11/16/2021,3.4.1,F21
2593,31846,11/16/2021,3.4.1,F21
2594,72329,11/16/2021,3.4.1,F21
2595,87728,11/16/2021,3.4.1,F21
2596,59566,11/16/2021,3.4.1,F21
2597,27689,11/16/2021,3.4.1,F21
2598,12461,11/16/2021,3.4.1,F21
2599,93335,11/16/2021,3.4.1,F21
2600,80450,11/16/2021,3.4.1,F21
2601,84281,11/16/2021,3.4.1,F21
2602,48825,11/16/2021,3.4.1,F21
2603,75538,11/16/2021,3.4.1,F21
2604,29436,04/15/2021,3.5.1,SP21
2605,18832,04/15/2021,3.5.1,SP21
2606,36585,04/15/2021,3.5.1,SP21
2607,19343,04/15/2021,3.5.1,SP21
2608,62783,04/15/2021,3.5.1,SP21
2609,83943,04/15/2021,3.5.1,SP21
2610,14772,04/15/2021,3.5.1,SP21
2611,38687,04/15/2021,3.5.1,SP21
2612,17830,04/15/2021,3.5.1,SP21
2613,31085,04/15/2021,3.5.1,SP21
2614,26815,04/15/2021,3.5.1,SP21
2615,46516,04/15/2021,3.5.1,SP21
2616,68658,04/15/2021,3.5.1,SP21
2617,62252,04/15/2021,3.5.1,SP21
2618,88009,04/15/2021,3.5.1,SP21
2619,96431,04/15/2021,3.5.1,SP21
2620,44661,04/15/2021,3.5.1,SP21
2621,97692,04/15/2021,3.5.1,SP21
2622,77508,04/15/2021,3.5.1,SP21
2623,58151,04/15/2021,3.5.1,SP21
2624,57725,04/15/2021,3.5.1,SP21
2625,57894,04/15/2021,3.5.1,SP21
2626,16144,04/15/2021,3.5.1,SP21
2627,32314,04/15/2021,3.5.1,SP21
2628,75683,04/15/2021,3.5.1,SP21
2629,13358,04/15/2021,3.5.1,SP21
2630,78555,04/15/2021,3.5.1,SP21
2631,98626,04/15/2021,3.5.1,SP21
2632,30193,04/15/2021,3.5.1,SP21
2633,67424,04/15/2021,3.5.1,SP21
2634,40230,04/15/2021,3.5.1,SP21
2635,80334,04/15/2021,3.5.1,SP21
2636,46912,04/15/2021,3.5.1,SP21
2637,53854,04/15/2021,3.5.1,SP21
2638,66810,04/15/2021,3.5.1,SP21
2639,52882,04/15/2021,3.5.1,SP21
2640,96596,04/15/2021,3.5.1,SP21
2641,77328,04/15/2021,3.5.1,SP21
2642,50867,04/15/2021,3.5.1,SP21
2643,65004,04/15/2021,3.5.1,SP21
2644,37786,04/15/2021,3.5.1,SP21
2645,58850,04/15/2021,3.5.1,SP21
2646,74608,04/15/2021,3.5.1,SP21
2647,15531,04/15/2021,3.5.1,SP21
2648,22902,04/15/2021,3.5.1,SP21
2649,36834,04/15/2021,3.5.1,SP21
2650,41981,04/15/2021,3.5.1,SP21
2651,60018,04/15/2021,3.5.1,SP21
2652,42371,04/15/2021,3.5.1,SP21
2653,44913,04/15/2021,3.5.1,SP21
2654,50542,04/15/2021,3.5.1,SP21
2655,16330,04/15/2021,3.5.1,SP21
2656,95538,11/19/2021,3.5.1,F21
2657,90795,11/19/2021,3.5.1,F21
2658,80726,11/19/2021,3.5.1,F21
2659,93871,11/19/2021,3.5.1,F21
2660,60320,11/19/2021,3.5.1,F21
2661,82536,11/19/2021,3.5.1,F21
2662,31208,11/19/2021,3.5.1,F21
2663,88774,11/19/2021,3.5.1,F21
2664,20020,11/19/2021,3.5.1,F21
2665,80427,11/19/2021,3.5.1,F21
2666,96812,11/19/2021,3.5.1,F21
2667,52262,11/19/2021,3.5.1,F21
2668,93570,11/19/2021,3.5.1,F21
2669,30574,11/19/2021,3.5.1,F21
2670,31846,11/19/2021,3.5.1,F21
2671,72329,11/19/2021,3.5.1,F21
2672,87728,11/19/2021,3.5.1,F21
2673,59566,11/19/2021,3.5.1,F21
2674,22902,11/19/2021,3.5.1,F21
2675,27689,11/19/2021,3.5.1,F21
2676,69983,11/19/2021,3.5.1,F21
2677,12461,11/19/2021,3.5.1,F21
2678,93335,11/19/2021,3.5.1,F21
2679,80450,11/19/2021,3.5.1,F21
2680,84281,11/19/2021,3.5.1,F21
2681,75538,11/19/2021,3.5.1,F21
2682,29436,04/20/2021,4.1.1,SP21
2683,18832,04/20/2021,4.1.1,SP21
2684,36585,04/20/2021,4.1.1,SP21
2685,98539,04/20/2021,4.1.1,SP21
2686,19343,04/20/2021,4.1.1,SP21
2687,62783,04/20/2021,4.1.1,SP21
2688,83943,04/20/2021,4.1.1,SP21
2689,14772,04/20/2021,4.1.1,SP21
2690,38687,04/20/2021,4.1.1,SP21
2691,17830,04/20/2021,4.1.1,SP21
2692,31085,04/20/2021,4.1.1,SP21
2693,26815,04/20/2021,4.1.1,SP21
2694,46516,04/20/2021,4.1.1,SP21
2695,68658,04/20/2021,4.1.1,SP21
2696,62252,04/20/2021,4.1.1,SP21
2697,88009,04/20/2021,4.1.1,SP21
2698,96431,04/20/2021,4.1.1,SP21
2699,44661,04/20/2021,4.1.1,SP21
2700,97692,04/20/2021,4.1.1,SP21
2701,77508,04/20/2021,4.1.1,SP21
2702,58151,04/20/2021,4.1.1,SP21
2703,57725,04/20/2021,4.1.1,SP21
2704,57894,04/20/2021,4.1.1,SP21
2705,16144,04/20/2021,4.1.1,SP21
2706,32314,04/20/2021,4.1.1,SP21
2707,75683,04/20/2021,4.1.1,SP21
2708,13358,04/20/2021,4.1.1,SP21
2709,78555,04/20/2021,4.1.1,SP21
2710,98626,04/20/2021,4.1.1,SP21
2711,30193,04/20/2021,4.1.1,SP21
2712,67424,04/20/2021,4.1.1,SP21
2713,40230,04/20/2021,4.1.1,SP21
2714,80334,04/20/2021,4.1.1,SP21
2715,46912,04/20/2021,4.1.1,SP21
2716,53854,04/20/2021,4.1.1,SP21
2717,66810,04/20/2021,4.1.1,SP21
2718,52882,04/20/2021,4.1.1,SP21
2719,96596,04/20/2021,4.1.1,SP21
2720,77328,04/20/2021,4.1.1,SP21
2721,50867,04/20/2021,4.1.1,SP21
2722,65004,04/20/2021,4.1.1,SP21
2723,65544,04/20/2021,4.1.1,SP21
2724,37786,04/20/2021,4.1.1,SP21
2725,58850,04/20/2021,4.1.1,SP21
2726,74608,04/20/2021,4.1.1,SP21
2727,15531,04/20/2021,4.1.1,SP21
2728,36834,04/20/2021,4.1.1,SP21
2729,34064,04/20/2021,4.1.1,SP21
2730,41981,04/20/2021,4.1.1,SP21
2731,60018,04/20/2021,4.1.1,SP21
2732,99444,04/20/2021,4.1.1,SP21
2733,42371,04/20/2021,4.1.1,SP21
2734,50542,04/20/2021,4.1.1,SP21
2735,69434,04/20/2021,4.1.1,SP21
2736,16330,04/20/2021,4.1.1,SP21
2737,95538,11/29/2021,4.1.1,F21
2738,90795,11/29/2021,4.1.1,F21
2739,80726,11/29/2021,4.1.1,F21
2740,93871,11/29/2021,4.1.1,F21
2741,60320,11/29/2021,4.1.1,F21
2742,82536,11/29/2021,4.1.1,F21
2743,31208,11/29/2021,4.1.1,F21
2744,88774,11/29/2021,4.1.1,F21
2745,20020,11/29/2021,4.1.1,F21
2746,80427,11/29/2021,4.1.1,F21
2747,96812,11/29/2021,4.1.1,F21
2748,52262,11/29/2021,4.1.1,F21
2749,93570,11/29/2021,4.1.1,F21
2750,30574,11/29/2021,4.1.1,F21
2751,31846,11/29/2021,4.1.1,F21
2752,72329,11/29/2021,4.1.1,F21
2753,87728,11/29/2021,4.1.1,F21
2754,59566,11/29/2021,4.1.1,F21
2755,22902,11/29/2021,4.1.1,F21
2756,27689,11/29/2021,4.1.1,F21
2757,69983,11/29/2021,4.1.1,F21
2758,12461,11/29/2021,4.1.1,F21
2759,93335,11/29/2021,4.1.1,F21
2760,80450,11/29/2021,4.1.1,F21
2761,84281,11/29/2021,4.1.1,F21
2762,75538,11/29/2021,4.1.1,F21
2763,29436,04/22/2021,4.2.1,SP21
2764,18832,04/22/2021,4.2.1,SP21
2765,36585,04/22/2021,4.2.1,SP21
2766,19343,04/22/2021,4.2.1,SP21
2767,62783,04/22/2021,4.2.1,SP21
2768,83943,04/22/2021,4.2.1,SP21
2769,14772,04/22/2021,4.2.1,SP21
2770,38687,04/22/2021,4.2.1,SP21
2771,17830,04/22/2021,4.2.1,SP21
2772,26815,04/22/2021,4.2.1,SP21
2773,46516,04/22/2021,4.2.1,SP21
2774,68658,04/22/2021,4.2.1,SP21
2775,62252,04/22/2021,4.2.1,SP21
2776,88009,04/22/2021,4.2.1,SP21
2777,96431,04/22/2021,4.2.1,SP21
2778,44661,04/22/2021,4.2.1,SP21
2779,97692,04/22/2021,4.2.1,SP21
2780,77508,04/22/2021,4.2.1,SP21
2781,58151,04/22/2021,4.2.1,SP21
2782,57725,04/22/2021,4.2.1,SP21
2783,57894,04/22/2021,4.2.1,SP21
2784,16144,04/22/2021,4.2.1,SP21
2785,32314,04/22/2021,4.2.1,SP21
2786,75683,04/22/2021,4.2.1,SP21
2787,13358,04/22/2021,4.2.1,SP21
2788,98626,04/22/2021,4.2.1,SP21
2789,30193,04/22/2021,4.2.1,SP21
2790,67424,04/22/2021,4.2.1,SP21
2791,40230,04/22/2021,4.2.1,SP21
2792,80334,04/22/2021,4.2.1,SP21
2793,46912,04/22/2021,4.2.1,SP21
2794,53854,04/22/2021,4.2.1,SP21
2795,66810,04/22/2021,4.2.1,SP21
2796,52882,04/22/2021,4.2.1,SP21
2797,96596,04/22/2021,4.2.1,SP21
2798,77328,04/22/2021,4.2.1,SP21
2799,50867,04/22/2021,4.2.1,SP21
2800,65004,04/22/2021,4.2.1,SP21
2801,65544,04/22/2021,4.2.1,SP21
2802,37786,04/22/2021,4.2.1,SP21
2803,58850,04/22/2021,4.2.1,SP21
2804,15531,04/22/2021,4.2.1,SP21
2805,36834,04/22/2021,4.2.1,SP21
2806,34064,04/22/2021,4.2.1,SP21
2807,41981,04/22/2021,4.2.1,SP21
2808,60018,04/22/2021,4.2.1,SP21
2809,99444,04/22/2021,4.2.1,SP21
2810,42371,04/22/2021,4.2.1,SP21
2811,50542,04/22/2021,4.2.1,SP21
2812,16330,04/22/2021,4.2.1,SP21
2813,95538,11/30/2021,4.2.1,F21
2814,90795,11/30/2021,4.2.1,F21
2815,80726,11/30/2021,4.2.1,F21
2816,93871,11/30/2021,4.2.1,F21
2817,60320,11/30/2021,4.2.1,F21
2818,82536,11/30/2021,4.2.1,F21
2819,31208,11/30/2021,4.2.1,F21
2820,88774,11/30/2021,4.2.1,F21
2821,20020,11/30/2021,4.2.1,F21
2822,80427,11/30/2021,4.2.1,F21
2823,96812,11/30/2021,4.2.1,F21
2824,52262,11/30/2021,4.2.1,F21
2825,93570,11/30/2021,4.2.1,F21
2826,30574,11/30/2021,4.2.1,F21
2827,31846,11/30/2021,4.2.1,F21
2828,72329,11/30/2021,4.2.1,F21
2829,87728,11/30/2021,4.2.1,F21
2830,59566,11/30/2021,4.2.1,F21
2831,22902,11/30/2021,4.2.1,F21
2832,27689,11/30/2021,4.2.1,F21
2833,69983,11/30/2021,4.2.1,F21
2834,12461,11/30/2021,4.2.1,F21
2835,93335,11/30/2021,4.2.1,F21
2836,80450,11/30/2021,4.2.1,F21
2837,84281,11/30/2021,4.2.1,F21
2838,48825,11/30/2021,4.2.1,F21
2839,75538,11/30/2021,4.2.1,F21
2840,18832,04/26/2021,4.3.1,SP21
2841,36585,04/26/2021,4.3.1,SP21
2842,98539,04/26/2021,4.3.1,SP21
2843,62783,04/26/2021,4.3.1,SP21
2844,83943,04/26/2021,4.3.1,SP21
2845,14772,04/26/2021,4.3.1,SP21
2846,31085,04/26/2021,4.3.1,SP21
2847,26815,04/26/2021,4.3.1,SP21
2848,46516,04/26/2021,4.3.1,SP21
2849,68658,04/26/2021,4.3.1,SP21
2850,62252,04/26/2021,4.3.1,SP21
2851,88009,04/26/2021,4.3.1,SP21
2852,96431,04/26/2021,4.3.1,SP21
2853,44661,04/26/2021,4.3.1,SP21
2854,97692,04/26/2021,4.3.1,SP21
2855,77508,04/26/2021,4.3.1,SP21
2856,57725,04/26/2021,4.3.1,SP21
2857,57894,04/26/2021,4.3.1,SP21
2858,32314,04/26/2021,4.3.1,SP21
2859,75683,04/26/2021,4.3.1,SP21
2860,13358,04/26/2021,4.3.1,SP21
2861,98626,04/26/2021,4.3.1,SP21
2862,30193,04/26/2021,4.3.1,SP21
2863,67424,04/26/2021,4.3.1,SP21
2864,40230,04/26/2021,4.3.1,SP21
2865,80334,04/26/2021,4.3.1,SP21
2866,46912,04/26/2021,4.3.1,SP21
2867,53854,04/26/2021,4.3.1,SP21
2868,66810,04/26/2021,4.3.1,SP21
2869,52882,04/26/2021,4.3.1,SP21
2870,96596,04/26/2021,4.3.1,SP21
2871,77328,04/26/2021,4.3.1,SP21
2872,50867,04/26/2021,4.3.1,SP21
2873,65004,04/26/2021,4.3.1,SP21
2874,65544,04/26/2021,4.3.1,SP21
2875,58850,04/26/2021,4.3.1,SP21
2876,74608,04/26/2021,4.3.1,SP21
2877,34064,04/26/2021,4.3.1,SP21
2878,41981,04/26/2021,4.3.1,SP21
2879,99444,04/26/2021,4.3.1,SP21
2880,42371,04/26/2021,4.3.1,SP21
2881,44913,04/26/2021,4.3.1,SP21
2882,69434,04/26/2021,4.3.1,SP21
2883,16330,04/26/2021,4.3.1,SP21
2884,95538,12/03/2021,4.3.1,F21
2885,90795,12/03/2021,4.3.1,F21
2886,80726,12/03/2021,4.3.1,F21
2887,93871,12/03/2021,4.3.1,F21
2888,60320,12/03/2021,4.3.1,F21
2889,82536,12/03/2021,4.3.1,F21
2890,31208,12/03/2021,4.3.1,F21
2891,88774,12/03/2021,4.3.1,F21
2892,20020,12/03/2021,4.3.1,F21
2893,80427,12/03/2021,4.3.1,F21
2894,96812,12/03/2021,4.3.1,F21
2895,52262,12/03/2021,4.3.1,F21
2896,93570,12/03/2021,4.3.1,F21
2897,30574,12/03/2021,4.3.1,F21
2898,31846,12/03/2021,4.3.1,F21
2899,72329,12/03/2021,4.3.1,F21
2900,87728,12/03/2021,4.3.1,F21
2901,59566,12/03/2021,4.3.1,F21
2902,22902,12/03/2021,4.3.1,F21
2903,27689,12/03/2021,4.3.1,F21
2904,69983,12/03/2021,4.3.1,F21
2905,12461,12/03/2021,4.3.1,F21
2906,93335,12/03/2021,4.3.1,F21
2907,80450,12/03/2021,4.3.1,F21
2908,84281,12/03/2021,4.3.1,F21
2909,48825,12/03/2021,4.3.1,F21
2910,75538,12/03/2021,4.3.1,F21
2911,29436,04/27/2021,4.4.1,SP21
2912,36585,04/27/2021,4.4.1,SP21
2913,98539,04/27/2021,4.4.1,SP21
2914,62783,04/27/2021,4.4.1,SP21
2915,83943,04/27/2021,4.4.1,SP21
2916,14772,04/27/2021,4.4.1,SP21
2917,38687,04/27/2021,4.4.1,SP21
2918,26815,04/27/2021,4.4.1,SP21
2919,46516,04/27/2021,4.4.1,SP21
2920,68658,04/27/2021,4.4.1,SP21
2921,62252,04/27/2021,4.4.1,SP21
2922,88009,04/27/2021,4.4.1,SP21
2923,96431,04/27/2021,4.4.1,SP21
2924,44661,04/27/2021,4.4.1,SP21
2925,97692,04/27/2021,4.4.1,SP21
2926,58151,04/27/2021,4.4.1,SP21
2927,57725,04/27/2021,4.4.1,SP21
2928,57894,04/27/2021,4.4.1,SP21
2929,32314,04/27/2021,4.4.1,SP21
2930,75683,04/27/2021,4.4.1,SP21
2931,13358,04/27/2021,4.4.1,SP21
2932,98626,04/27/2021,4.4.1,SP21
2933,67424,04/27/2021,4.4.1,SP21
2934,40230,04/27/2021,4.4.1,SP21
2935,80334,04/27/2021,4.4.1,SP21
2936,46912,04/27/2021,4.4.1,SP21
2937,53854,04/27/2021,4.4.1,SP21
2938,66810,04/27/2021,4.4.1,SP21
2939,52882,04/27/2021,4.4.1,SP21
2940,96596,04/27/2021,4.4.1,SP21
2941,77328,04/27/2021,4.4.1,SP21
2942,65004,04/27/2021,4.4.1,SP21
2943,65544,04/27/2021,4.4.1,SP21
2944,37786,04/27/2021,4.4.1,SP21
2945,58850,04/27/2021,4.4.1,SP21
2946,34064,04/27/2021,4.4.1,SP21
2947,41981,04/27/2021,4.4.1,SP21
2948,42371,04/27/2021,4.4.1,SP21
2949,44913,04/27/2021,4.4.1,SP21
2950,50542,04/27/2021,4.4.1,SP21
2951,69434,04/27/2021,4.4.1,SP21
2952,16330,04/27/2021,4.4.1,SP21
2953,95538,12/06/2021,4.4.1,F21
2954,90795,12/06/2021,4.4.1,F21
2955,80726,12/06/2021,4.4.1,F21
2956,93871,12/06/2021,4.4.1,F21
2957,82536,12/06/2021,4.4.1,F21
2958,31208,12/06/2021,4.4.1,F21
2959,88774,12/06/2021,4.4.1,F21
2960,20020,12/06/2021,4.4.1,F21
2961,80427,12/06/2021,4.4.1,F21
2962,96812,12/06/2021,4.4.1,F21
2963,52262,12/06/2021,4.4.1,F21
2964,93570,12/06/2021,4.4.1,F21
2965,30574,12/06/2021,4.4.1,F21
2966,31846,12/06/2021,4.4.1,F21
2967,72329,12/06/2021,4.4.1,F21
2968,87728,12/06/2021,4.4.1,F21
2969,59566,12/06/2021,4.4.1,F21
2970,69983,12/06/2021,4.4.1,F21
2971,12461,12/06/2021,4.4.1,F21
2972,93335,12/06/2021,4.4.1,F21
2973,80450,12/06/2021,4.4.1,F21
2974,84281,12/06/2021,4.4.1,F21
2975,48825,12/06/2021,4.4.1,F21
2976,75538,12/06/2021,4.4.1,F21
